ATMID,TYPEATMCRM,TELLERID,CABANG,STARTINGCASH50K,CASHIN50K,CASHOUT50K,CASPOSDENOM50K,STARTINGCASH100K,CASHIN100K,CASHOUT100K,CASPOSDENOM100K,"POSITION_SOURCE"
"A002      ",ATM100K,"Z4CB      ",47007,,0,,,30000000000,0,11380000000,18620000000,REPLENISH
"A008      ",ATM50K,"Z4CH      ",47007,30000000000,0,13390000000,16610000000,,0,,,CURRENT
"A015      ",ATM100K,"Z4CO      ",47007,,0,,,40000000000,0,27110000000,12890000000,CURRENT
"A024      ",ATM50K,"Z4CX      ",47007,30000000000,0,13550000000,16450000000,,0,,,CURRENT
"A025      ",ATM50K,"Z4CY      ",47007,36500000000,0,25930000000,10570000000,,0,,,CURRENT
"A027      ",ATM50K,"Z4D0      ",47007,32000000000,0,9345000000,22655000000,,0,,,CURRENT
"A052      ",ATM50K,"Z4DP      ",47007,25000000000,0,1855000000,23145000000,,0,,,REPLENISH
"A056      ",ATM50K,"Z4DT      ",47007,25000000000,0,16380000000,8620000000,,0,,,CURRENT
"A059      ",ATM100K,"Z4DW      ",47007,,0,,,27600000000,0,6880000000,20720000000,CURRENT
"A061      ",ATM100K,"Z4DY      ",47007,,0,,,75600000000,0,25090000000,50510000000,CURRENT
"A065      ",ATM50K,"Z4E2      ",47007,28000000000,0,2245000000,25755000000,,0,,,REPLENISH
"A067      ",ATM50K,"Z4E4      ",47007,30000000000,0,24535000000,5465000000,,0,,,REPLENISH
"A068      ",ATM100K,"Z4E5      ",47007,,0,,,40000000000,0,7720000000,32280000000,CURRENT
"A075      ",ATM50K,"Z4EC      ",47007,33500000000,0,17430000000,16070000000,,0,,,CURRENT
"A077      ",ATM50K,"Z4EE      ",47007,20000000000,0,5515000000,14485000000,,0,,,CURRENT
"A080      ",ATM50K,"Z4EH      ",47007,25000000000,0,215000000,24785000000,,0,,,REPLENISH
"A084      ",ATM100K,"Z4EL      ",47007,,0,,,34000000000,0,24380000000,9620000000,CURRENT
"A085      ",ATM50K,"Z4EM      ",47007,15000000000,0,395000000,14605000000,,0,,,REPLENISH
"A089      ",ATM50K,"Z4EQ      ",47007,30000000000,0,10805000000,19195000000,,0,,,CURRENT
"A091      ",ATM50K,"Z4ES      ",39051,10000000000,0,1990000000,8010000000,,0,,,CURRENT
"A092      ",ATM50K,"Z4ET      ",47007,18000000000,0,85000000,17915000000,,0,,,REPLENISH
"A097      ",ATM50K,"Z4EY      ",47007,40000000000,0,17965000000,22035000000,,0,,,CURRENT
"A098      ",ATM50K,"Z4EZ      ",47007,37500000000,0,18240000000,19260000000,,0,,,CURRENT
"A105      ",ATM50K,"Z4F6      ",47007,30000000000,0,22875000000,7125000000,,0,,,CURRENT
"A109      ",ATM50K,"Z4FA      ",47007,27000000000,0,7840000000,19160000000,,0,,,CURRENT
"A130      ",ATM100K,"Z4FV      ",47007,,0,,,37200000000,0,22130000000,15070000000,CURRENT
"A131      ",ATM50K,"Z4FW      ",47007,36000000000,0,8890000000,27110000000,,0,,,CURRENT
"A149      ",ATM50K,"Z4GE      ",47007,20000000000,0,7145000000,12855000000,,0,,,CURRENT
"A153      ",ATM100K,"Z4GI      ",47007,,0,,,37200000000,0,14940000000,22260000000,CURRENT
"A199      ",ATM100K,"Z4HS      ",47007,,0,,,28000000000,0,11250000000,16750000000,CURRENT
"A212      ",ATM100K,"Z4I6      ",24028,,0,,,15000000000,0,40000000,14960000000,REPLENISH
"A214      ",ATM50K,"Z4I8      ",47007,37500000000,0,26330000000,11170000000,,0,,,CURRENT
"A236      ",ATM100K,"Z4IU      ",47007,,0,,,49000000000,0,37030000000,11970000000,CURRENT
"A237      ",ATM100K,"Z4IV      ",47007,,0,,,25200000000,0,8000000000,17200000000,CURRENT
"A239      ",ATM100K,"Z4IX      ",47007,,0,,,28800000000,0,23720000000,5080000000,CURRENT
"A240      ",ATM100K,"Z4IY      ",47007,,0,,,14400000000,0,5110000000,9290000000,CURRENT
"A243      ",ATM50K,"Z4J1      ",47007,17000000000,0,12995000000,4005000000,,0,,,CURRENT
"A263      ",ATM100K,"Z4JL      ",47007,,0,,,28000000000,0,3950000000,24050000000,REPLENISH
"A264      ",ATM100K,"Z4JM      ",47007,,0,,,40000000000,0,1780000000,38220000000,REPLENISH
"A265      ",ATM100K,"Z4JN      ",47007,,0,,,40000000000,0,14920000000,25080000000,CURRENT
"A266      ",ATM50K,"Z4JO      ",47007,40000000000,0,13280000000,26720000000,,0,,,CURRENT
"A270      ",ATM50K,"Z4JS      ",47007,40000000000,0,29785000000,10215000000,,0,,,CURRENT
"A283      ",ATM50K,"Z4K5      ",47007,30000000000,0,13740000000,16260000000,,0,,,CURRENT
"A284      ",ATM50K,"Z4K6      ",47007,15000000000,0,5935000000,9065000000,,0,,,CURRENT
"A286      ",ATM50K,"Z4K8      ",47007,15000000000,0,5445000000,9555000000,,0,,,REPLENISH
"A291      ",ATM100K,"Z4KD      ",39026,,0,,,20000000000,0,200000000,19800000000,REPLENISH
"A299      ",ATM100K,"Z4KL      ",47007,,0,,,14000000000,0,610000000,13390000000,REPLENISH
"A303      ",ATM100K,"Z4KP      ",47007,,0,,,52800000000,0,39560000000,13240000000,CURRENT
"A322      ",ATM50K,"Z4LA      ",8000,15000000000,0,2130000000,12870000000,,0,,,REPLENISH
"A323      ",ATM100K,"Z4LB      ",8000,,0,,,20000000000,0,2140000000,17860000000,REPLENISH
"A326      ",ATM50K,"Z4LE      ",47007,10000000000,0,460000000,9540000000,,0,,,REPLENISH
"A333      ",ATM50K,"Z4LL      ",47007,21000000000,0,11555000000,9445000000,,0,,,CURRENT
"A334      ",ATM50K,"Z4LM      ",47007,25000000000,0,17605000000,7395000000,,0,,,CURRENT
"A340      ",ATM100K,"Z4LS      ",47007,,0,,,20000000000,0,11080000000,8920000000,CURRENT
"A351      ",ATM100K,"Z5L3      ",47007,,0,,,60000000000,0,29180000000,30820000000,CURRENT
"A352      ",ATM100K,"Z5L4      ",47007,,0,,,60000000000,0,30000000000,30000000000,CURRENT
"A353      ",ATM50K,"Z5L5      ",47007,37500000000,0,26930000000,10570000000,,0,,,CURRENT
"A354      ",ATM50K,"Z5L6      ",47007,40000000000,0,31820000000,8180000000,,0,,,CURRENT
"A359      ",ATM50K,"Z5LB      ",47007,30000000000,0,25595000000,4405000000,,0,,,CURRENT
"A360      ",ATM100K,"Z5LC      ",47007,,0,,,40000000000,0,30500000000,9500000000,CURRENT
"A367      ",ATM100K,"Z5LJ      ",47007,,0,,,30000000000,0,6830000000,23170000000,CURRENT
"A373      ",ATM50K,"Z5LP      ",47007,14500000000,0,5260000000,9240000000,,0,,,CURRENT
"A382      ",ATM100K,"Z5LY      ",47007,,0,,,60000000000,0,44300000000,15700000000,CURRENT
"A386      ",ATM100K,"Z5M4      ",44500,,0,,,40000000000,0,2010000000,37990000000,CURRENT
"A387      ",ATM100K,"Z5M5      ",47007,,0,,,40000000000,0,6990000000,33010000000,CURRENT
"A391      ",ATM100K,"Z5M0      ",47007,,0,,,20000000000,0,7330000000,12670000000,CURRENT
"A393      ",ATM100K,"Z5MB      ",8051,,0,,,10000000000,0,460000000,9540000000,REPLENISH
"A417      ",ATM100K,"Z5MZ      ",47007,,0,,,28800000000,0,13200000000,15600000000,CURRENT
"A428      ",ATM50K,"Z6MA      ",47007,37500000000,0,28885000000,8615000000,,0,,,CURRENT
"A439      ",ATM100K,"Z6ML      ",47007,,0,,,40000000000,0,8300000000,31700000000,CURRENT
"A446      ",ATM50K,"Z6MS      ",47007,18500000000,0,295000000,18205000000,,0,,,REPLENISH
"A460      ",ATM50K,"Z6NH      ",47007,30000000000,0,20460000000,9540000000,,0,,,CURRENT
"A474      ",ATM50K,"Z6NV      ",47007,40000000000,0,19400000000,20600000000,,0,,,CURRENT
"A477      ",ATM50K,"Z6NY      ",47007,20000000000,0,6370000000,13630000000,,0,,,CURRENT
"A478      ",ATM50K,"Z6NZ      ",47007,30000000000,0,4195000000,25805000000,,0,,,REPLENISH
"A479      ",ATM100K,"Z6N1      ",43505,,0,,,20000000000,0,4160000000,15840000000,REPLENISH
"A489      ",ATM100K,"Z6OA      ",47007,,0,,,60000000000,0,39800000000,20200000000,CURRENT
"A490      ",ATM50K,"Z6OB      ",47007,35000000000,0,5290000000,29710000000,,0,,,CURRENT
"A493      ",ATM50K,"Z6OE      ",47007,31000000000,0,11675000000,19325000000,,0,,,CURRENT
"A498      ",ATM50K,"Z6OJ      ",47007,25000000000,0,4495000000,20505000000,,0,,,CURRENT
"A502      ",ATM50K,"Z6ON      ",47007,31500000000,0,15515000000,15985000000,,0,,,CURRENT
"A505      ",ATM50K,"Z6OQ      ",47007,18000000000,0,8640000000,9360000000,,0,,,CURRENT
"A512      ",ATM100K,"Z6OX      ",34057,,0,,,40000000000,0,540000000,39460000000,REPLENISH
"A528      ",ATM50K,"Z6PD      ",47007,10000000000,0,3690000000,6310000000,,0,,,CURRENT
"A529      ",ATM100K,"Z6PE      ",47007,,0,,,30000000000,0,5620000000,24380000000,CURRENT
"A532      ",ATM50K,"Z6PH      ",47007,30500000000,0,13855000000,16645000000,,0,,,CURRENT
"A540      ",ATM50K,"Z6PP      ",47007,37500000000,0,3680000000,33820000000,,0,,,CURRENT
"A547      ",ATM50K,"Z6PW      ",47007,5000000000,0,3185000000,1815000000,,0,,,CURRENT
"A548      ",ATM100K,"Z6PX      ",20017,,0,,,40000000000,0,4580000000,35420000000,CURRENT
"A558      ",ATM50K,"Z6P8      ",47007,40000000000,0,19480000000,20520000000,,0,,,CURRENT
"A569      ",ATM50K,"Z6QI      ",47007,40000000000,0,8070000000,31930000000,,0,,,CURRENT
"A571      ",ATM50K,"Z6QK      ",47007,37500000000,0,10335000000,27165000000,,0,,,CURRENT
"A598      ",ATM50K,"Z6RA      ",47007,40000000000,0,7380000000,32620000000,,0,,,REPLENISH
"A611      ",ATM100K,"Z6RO      ",47007,,0,,,25200000000,0,6160000000,19040000000,REPLENISH
"A612      ",ATM50K,"Z6RP      ",47007,37500000000,0,16815000000,20685000000,,0,,,CURRENT
"A614      ",ATM50K,"Z6RR      ",47007,27000000000,0,9785000000,17215000000,,0,,,CURRENT
"A644      ",ATM50K,"Z6SL      ",47007,35000000000,0,27900000000,7100000000,,0,,,CURRENT
"A648      ",ATM100K,"Z6SP      ",47007,,0,,,12000000000,0,7320000000,4680000000,CURRENT
"A655      ",ATM50K,"Z6SW      ",47007,30000000000,0,2415000000,27585000000,,0,,,REPLENISH
"A657      ",ATM50K,"Z6SY      ",29035,20000000000,0,555000000,19445000000,,0,,,REPLENISH
"A674      ",ATM50K,"Z6TD      ",47007,10000000000,0,3820000000,6180000000,,0,,,CURRENT
"A675      ",ATM50K,"Z6TE      ",47007,16000000000,0,2760000000,13240000000,,0,,,REPLENISH
"A680      ",ATM100K,"Z6TK      ",47007,,0,,,20000000000,0,10090000000,9910000000,CURRENT
"A681      ",ATM100K,"Z6TL      ",47007,,0,,,20000000000,0,50000000,19950000000,REPLENISH
"A683      ",ATM100K,"Z6TN      ",29005,,0,,,10000000000,0,5240000000,4760000000,CURRENT
"A685      ",ATM50K,"Z6TP      ",47007,28000000000,0,760000000,27240000000,,0,,,REPLENISH
"A702      ",ATM50K,"Z6UG      ",47007,40000000000,0,27525000000,12475000000,,0,,,CURRENT
"A705      ",ATM50K,"Z6UJ      ",47007,23500000000,0,5485000000,18015000000,,0,,,REPLENISH
"A709      ",ATM50K,"Z6UN      ",47007,37500000000,0,17765000000,19735000000,,0,,,CURRENT
"A711      ",ATM100K,"Z6UP      ",47007,,0,,,75000000000,0,28080000000,46920000000,CURRENT
"A712      ",ATM50K,"Z6UQ      ",47007,25000000000,0,9000000000,16000000000,,0,,,CURRENT
"A719      ",ATM50K,"Z6UX      ",47007,37500000000,0,32090000000,5410000000,,0,,,CURRENT
"A720      ",ATM50K,"Z6IJ      ",8014,10000000000,0,270000000,9730000000,,0,,,REPLENISH
"A721      ",ATM50K,"Z6UZ      ",8016,10000000000,0,40000000,9960000000,,0,,,REPLENISH
"A726      ",ATM100K,"Z6VE      ",34019,,0,,,40000000000,0,4370000000,35630000000,REPLENISH
"A727      ",ATM100K,"Z6VF      ",24000,,0,,,15000000000,0,10000000,14990000000,REPLENISH
"A730      ",ATM100K,"Z6VI      ",24008,,0,,,10000000000,0,8190000000,1810000000,CURRENT
"A732      ",ATM50K,"Z6VK      ",24019,30000000000,0,1845000000,28155000000,,0,,,REPLENISH
"A733      ",ATM50K,"Z6VL      ",24027,15000000000,0,130000000,14870000000,,0,,,REPLENISH
"A734      ",ATM50K,"Z6VM      ",24040,30000000000,0,1945000000,28055000000,,0,,,REPLENISH
"A736      ",ATM50K,"Z6VO      ",27004,10000000000,0,50000000,9950000000,,0,,,REPLENISH
"A737      ",ATM50K,"Z6VP      ",29004,10000000000,0,185000000,9815000000,,0,,,REPLENISH
"A741      ",ATM100K,"Z6VT      ",31012,,0,,,20000000000,0,10570000000,9430000000,CURRENT
"A745      ",ATM100K,"Z6VX      ",34027,,0,,,20000000000,0,1060000000,18940000000,REPLENISH
"A751      ",ATM100K,"Z6WD      ",39031,,0,,,40000000000,0,100000000,39900000000,REPLENISH
"A753      ",ATM100K,"Z6WF      ",42004,,0,,,20000000000,0,7620000000,12380000000,CURRENT
"A756      ",ATM100K,"Z6WI      ",34013,,0,,,30000000000,0,10420000000,19580000000,CURRENT
"A763      ",ATM50K,"Z6WO      ",47007,20000000000,0,205000000,19795000000,,0,,,REPLENISH
"A772      ",ATM50K,"Z6WX      ",47007,18000000000,0,16145000000,1855000000,,0,,,CURRENT
"A780      ",ATM50K,"Z6XF      ",47007,30000000000,0,8445000000,21555000000,,0,,,CURRENT
"A784      ",ATM100K,"Z6XJ      ",47007,,0,,,80000000000,0,1630000000,78370000000,REPLENISH
"A805      ",ATM50K,"Z6YD      ",47007,40000000000,0,8915000000,31085000000,,0,,,CURRENT
"A809      ",ATM100K,"Z6YI      ",47007,,0,,,18000000000,0,13660000000,4340000000,CURRENT
"A813      ",ATM100K,"Z6YM      ",47007,,0,,,27600000000,0,14660000000,12940000000,CURRENT
"A816      ",ATM50K,"Z6YP      ",47007,30000000000,0,425000000,29575000000,,0,,,REPLENISH
"A820      ",ATM50K,"Z6YT      ",47007,30000000000,0,15635000000,14365000000,,0,,,CURRENT
"A826      ",ATM50K,"Z6YZ      ",20041,8000000000,0,915000000,7085000000,,0,,,REPLENISH
"A827      ",ATM50K,"Z6ZA      ",8053,10000000000,0,2225000000,7775000000,,0,,,CURRENT
"A842      ",ATM100K,"Z6ZQ      ",47007,,0,,,20000000000,0,12180000000,7820000000,CURRENT
"A845      ",ATM50K,"Z7AH      ",47007,40000000000,0,3340000000,36660000000,,0,,,REPLENISH
"A858      ",ATM50K,"Z7BF      ",47007,20000000000,0,7515000000,12485000000,,0,,,CURRENT
"A859      ",ATM50K,"Z7BG      ",47007,20000000000,0,12860000000,7140000000,,0,,,CURRENT
"A874      ",ATM50K,"Z7BV      ",47007,30000000000,0,130000000,29870000000,,0,,,REPLENISH
"A883      ",ATM50K,"Z7CE      ",8003,10000000000,0,780000000,9220000000,,0,,,REPLENISH
"A891      ",ATM50K,"Z7CM      ",47007,30000000000,0,1410000000,28590000000,,0,,,REPLENISH
"A894      ",ATM100K,"Z7CP      ",47007,,0,,,80000000000,0,24390000000,55610000000,CURRENT
"A899      ",ATM50K,"Z7CU      ",47007,20000000000,0,7125000000,12875000000,,0,,,CURRENT
"A908      ",ATM50K,"Z7DD      ",47007,22000000000,0,14590000000,7410000000,,0,,,CURRENT
"A916      ",ATM50K,"Z7DL      ",47007,20000000000,0,11270000000,8730000000,,0,,,CURRENT
"A925      ",ATM50K,"Z7DU      ",28505,5000000000,0,0,5000000000,,0,,,REPLENISH
"A934      ",ATM50K,"Z7EC      ",47007,20000000000,0,5390000000,14610000000,,0,,,CURRENT
"A940      ",ATM50K,"Z7EK      ",47007,20000000000,0,7670000000,12330000000,,0,,,CURRENT
"A953      ",ATM50K,"Z7EX      ",47007,25000000000,0,13985000000,11015000000,,0,,,CURRENT
"A955      ",ATM100K,"Z7EZ      ",47007,,0,,,25200000000,0,11920000000,13280000000,CURRENT
"A961      ",ATM50K,"Z7FF      ",47007,20000000000,0,6310000000,13690000000,,0,,,CURRENT
"A968      ",ATM100K,"Z7FM      ",20029,,0,,,60000000000,0,0,60000000000,REPLENISH
"A969      ",ATM50K,"Z7FN      ",20029,15000000000,0,4730000000,10270000000,,0,,,CURRENT
"A970      ",ATM50K,"Z7FO      ",20029,20000000000,0,0,20000000000,,0,,,REPLENISH
"A974      ",ATM100K,"Z7FS      ",4022,,0,,,40000000000,0,3560000000,36440000000,REPLENISH
"A975      ",ATM100K,"Z7FT      ",23014,,0,,,20000000000,0,5770000000,14230000000,CURRENT
"A977      ",ATM100K,"Z7FV      ",20028,,0,,,40000000000,0,0,40000000000,REPLENISH
"A978      ",ATM100K,"Z7FW      ",20028,,0,,,40000000000,0,1520000000,38480000000,REPLENISH
"A987      ",ATM50K,"Z7GF      ",12009,20000000000,0,245000000,19755000000,,0,,,REPLENISH
"B003      ",ATM100K,"Z7GU      ",23001,,0,,,30000000000,0,430000000,29570000000,REPLENISH
"B006      ",ATM100K,"Z7GX      ",8026,,0,,,15000000000,0,50000000,14950000000,REPLENISH
"B014      ",ATM100K,"Z7HF      ",23008,,0,,,10000000000,0,200000000,9800000000,REPLENISH
"B017      ",ATM100K,"Z7HI      ",23026,,0,,,20000000000,0,450000000,19550000000,REPLENISH
"B018      ",ATM100K,"Z7HJ      ",23012,,0,,,10000000000,0,6220000000,3780000000,REPLENISH
"B019      ",ATM100K,"Z7HK      ",4020,,0,,,20000000000,0,320000000,19680000000,REPLENISH
"B020      ",ATM100K,"Z7HL      ",23024,,0,,,20000000000,0,520000000,19480000000,REPLENISH
"B021      ",ATM50K,"Z7HM      ",44007,15000000000,0,380000000,14620000000,,0,,,REPLENISH
"B023      ",ATM100K,"Z7HO      ",24032,,0,,,15000000000,0,1390000000,13610000000,REPLENISH
"B028      ",ATM50K,"Z7HT      ",16009,15000000000,0,100000000,14900000000,,0,,,REPLENISH
"B029      ",ATM100K,"Z7HU      ",16040,,0,,,35000000000,0,0,35000000000,REPLENISH
"B030      ",ATM100K,"Z7HV      ",21,,0,,,20000000000,0,2270000000,17730000000,REPLENISH
"B036      ",ATM100K,"Z7IB      ",39015,,0,,,20000000000,0,6190000000,13810000000,CURRENT
"B037      ",ATM50K,"Z7IC      ",39015,10000000000,0,1870000000,8130000000,,0,,,CURRENT
"B039      ",ATM100K,"Z7IE      ",39005,,0,,,20000000000,0,9200000000,10800000000,CURRENT
"B040      ",ATM50K,"Z7IF      ",39005,10000000000,0,9890000000,110000000,,0,,,CURRENT
"B041      ",ATM50K,"Z7IG      ",20022,15000000000,0,1230000000,13770000000,,0,,,REPLENISH
"B042      ",ATM50K,"Z7IH      ",47007,20000000000,0,13995000000,6005000000,,0,,,CURRENT
"B046      ",ATM50K,"Z7IL      ",47007,20000000000,0,1215000000,18785000000,,0,,,REPLENISH
"B050      ",ATM50K,"Z7IP      ",47007,21000000000,0,1220000000,19780000000,,0,,,REPLENISH
"B051      ",ATM50K,"Z7IQ      ",47007,38000000000,0,5870000000,32130000000,,0,,,CURRENT
"B236      ",ATM100K,"Z7LP      ",43505,,0,,,40000000000,0,1430000000,38570000000,REPLENISH
"B253      ",ATM50K,"Z7JS      ",47007,30000000000,0,8535000000,21465000000,,0,,,REPLENISH
"B262      ",ATM50K,"Z7KA      ",47007,20000000000,0,14885000000,5115000000,,0,,,CURRENT
"B264      ",ATM100K,"Z7KC      ",47007,,0,,,30000000000,0,17610000000,12390000000,CURRENT
"B265      ",ATM50K,"Z7KD      ",47007,20000000000,0,10590000000,9410000000,,0,,,CURRENT
"B268      ",ATM50K,"Z7KG      ",47007,30000000000,0,4285000000,25715000000,,0,,,CURRENT
"B274      ",ATM50K,"Z7KL      ",47007,40000000000,0,9740000000,30260000000,,0,,,REPLENISH
"B293      ",ATM50K,"Z7LC      ",47007,37500000000,0,26025000000,11475000000,,0,,,CURRENT
"B294      ",ATM50K,"Z7LD      ",47007,30000000000,0,9220000000,20780000000,,0,,,CURRENT
"B298      ",ATM50K,"Z7LH      ",47007,40000000000,0,28325000000,11675000000,,0,,,CURRENT
"B327      ",ATM50K,"Z7LU      ",47007,40000000000,0,8665000000,31335000000,,0,,,REPLENISH
"B328      ",ATM50K,"Z7LV      ",47007,38000000000,0,5365000000,32635000000,,0,,,REPLENISH
"B357      ",ATM50K,"Z7MM      ",47007,20000000000,0,3695000000,16305000000,,0,,,REPLENISH
"B358      ",ATM50K,"Z7MN      ",47007,10000000000,0,7055000000,2945000000,,0,,,CURRENT
"B359      ",ATM50K,"Z7MP      ",47007,21000000000,0,14245000000,6755000000,,0,,,CURRENT
"B362      ",ATM50K,"Z7MQ      ",47007,20000000000,0,12175000000,7825000000,,0,,,CURRENT
"B364      ",ATM50K,"Z7MS      ",47007,10000000000,0,170000000,9830000000,,0,,,REPLENISH
"B367      ",ATM50K,"Z7MV      ",47007,40000000000,0,19005000000,20995000000,,0,,,CURRENT
"B372      ",ATM50K,"Z7MZ      ",47007,15000000000,0,10750000000,4250000000,,0,,,CURRENT
"B377      ",ATM50K,"Z7NE      ",47007,37500000000,0,32390000000,5110000000,,0,,,CURRENT
"B384      ",ATM50K,"Z7NK      ",47007,36600000000,0,34805000000,1795000000,,0,,,CURRENT
"B385      ",ATM50K,"Z7NL      ",47007,30000000000,0,13240000000,16760000000,,0,,,REPLENISH
"B387      ",ATM50K,"Z7NN      ",47007,16800000000,0,6565000000,10235000000,,0,,,CURRENT
"B395      ",ATM50K,"Z7NW      ",47007,30000000000,0,17800000000,12200000000,,0,,,CURRENT
"B397      ",ATM50K,"Z7NY      ",47007,10000000000,0,3190000000,6810000000,,0,,,CURRENT
"B399      ",ATM50K,"Z7PA      ",47007,18000000000,0,10795000000,7205000000,,0,,,CURRENT
"B426      ",ATM50K,"Z7PF      ",47007,30000000000,0,19910000000,10090000000,,0,,,REPLENISH
"B427      ",ATM100K,"Z7PG      ",47007,,0,,,80000000000,0,35250000000,44750000000,CURRENT
"B437      ",ATM50K,"Z7PR      ",47007,40000000000,0,34525000000,5475000000,,0,,,CURRENT
"B461      ",ATM50K,"Z7QK      ",47007,40000000000,0,18990000000,21010000000,,0,,,CURRENT
"B468      ",ATM50K,"Z7QS      ",47007,40000000000,0,13520000000,26480000000,,0,,,REPLENISH
"B481      ",ATM50K,"Z7RC      ",47007,40000000000,0,14650000000,25350000000,,0,,,CURRENT
"B482      ",ATM100K,"Z7RD      ",47007,,0,,,30000000000,0,10670000000,19330000000,CURRENT
"B483      ",ATM50K,"Z7RE      ",47007,20000000000,0,1075000000,18925000000,,0,,,CURRENT
"B484      ",ATM100K,"Z7RF      ",47007,,0,,,60000000000,0,4970000000,55030000000,CURRENT
"B485      ",ATM50K,"Z7RG      ",47007,40000000000,0,10295000000,29705000000,,0,,,CURRENT
"B486      ",ATM50K,"Z7RH      ",47007,40000000000,0,12570000000,27430000000,,0,,,CURRENT
"B487      ",ATM50K,"Z7RI      ",47007,40000000000,0,18055000000,21945000000,,0,,,CURRENT
"B488      ",ATM50K,"Z7RJ      ",47007,40000000000,0,21195000000,18805000000,,0,,,CURRENT
"B490      ",ATM100K,"Z7RL      ",47007,,0,,,40000000000,0,1640000000,38360000000,REPLENISH
"B494      ",ATM50K,"Z7RO      ",47007,12000000000,0,1680000000,10320000000,,0,,,CURRENT
"B499      ",ATM50K,"Z8AA      ",47007,40000000000,0,6100000000,33900000000,,0,,,CURRENT
"B502      ",ATM50K,"Z8AD      ",47007,37500000000,0,21740000000,15760000000,,0,,,CURRENT
"B522      ",ATM100K,"Z8AE      ",47007,,0,,,75000000000,0,56600000000,18400000000,CURRENT
"B523      ",ATM50K,"Z8AF      ",47007,32500000000,0,7110000000,25390000000,,0,,,CURRENT
"B524      ",ATM50K,"Z8AG      ",47007,25000000000,0,1480000000,23520000000,,0,,,REPLENISH
"B526      ",ATM50K,"Z8AI      ",47007,30000000000,0,8800000000,21200000000,,0,,,CURRENT
"B527      ",ATM50K,"Z8AJ      ",47007,20000000000,0,5465000000,14535000000,,0,,,CURRENT
"B528      ",ATM50K,"Z8AK      ",47007,20000000000,0,2575000000,17425000000,,0,,,CURRENT
"B541      ",ATM50K,"Z8AV      ",47007,12000000000,0,4310000000,7690000000,,0,,,CURRENT
"B544      ",ATM50K,"Z8AY      ",47007,10000000000,0,2415000000,7585000000,,0,,,CURRENT
"B549      ",ATM50K,"Z8BD      ",47007,27500000000,0,8720000000,18780000000,,0,,,CURRENT
"B561      ",ATM50K,"Z8BP      ",47007,37500000000,0,3590000000,33910000000,,0,,,CURRENT
"B565      ",ATM50K,"Z8BT      ",47007,10000000000,0,7465000000,2535000000,,0,,,CURRENT
"B570      ",ATM50K,"Z8BY      ",47007,20000000000,0,7500000000,12500000000,,0,,,CURRENT
"B571      ",ATM50K,"Z8BZ      ",47007,10000000000,0,2655000000,7345000000,,0,,,CURRENT
"B579      ",ATM50K,"Z8CH      ",47007,40000000000,0,4445000000,35555000000,,0,,,CURRENT
"B593      ",ATM50K,"Z8CV      ",47007,40000000000,0,23195000000,16805000000,,0,,,CURRENT
"B594      ",ATM50K,"Z8CW      ",47007,7000000000,0,555000000,6445000000,,0,,,CURRENT
"B604      ",ATM50K,"Z8DF      ",47007,31500000000,0,9975000000,21525000000,,0,,,CURRENT
"B610      ",ATM50K,"Z8DL      ",47007,7000000000,0,2450000000,4550000000,,0,,,CURRENT
"B612      ",ATM50K,"Z8DN      ",47007,27000000000,0,6760000000,20240000000,,0,,,CURRENT
"B620      ",ATM50K,"Z8DV      ",47007,25000000000,0,9230000000,15770000000,,0,,,CURRENT
"B621      ",ATM50K,"Z8DW      ",47007,37500000000,0,2275000000,35225000000,,0,,,REPLENISH
"B626      ",ATM100K,"Z8EB      ",47007,,0,,,60000000000,0,31300000000,28700000000,CURRENT
"B627      ",ATM100K,"Z8EC      ",47007,,0,,,80000000000,0,5470000000,74530000000,REPLENISH
"B628      ",ATM100K,"Z8ED      ",47007,,0,,,20000000000,0,10810000000,9190000000,CURRENT
"B632      ",ATM50K,"Z8EH      ",47007,40000000000,0,18300000000,21700000000,,0,,,CURRENT
"B633      ",ATM50K,"Z8EI      ",47007,15000000000,0,8920000000,6080000000,,0,,,CURRENT
"B634      ",ATM100K,"Z8EJ      ",43503,,0,,,5000000000,0,20000000,4980000000,REPLENISH
"B637      ",ATM50K,"Z8EM      ",47007,10000000000,0,295000000,9705000000,,0,,,REPLENISH
"B638      ",ATM50K,"Z8EN      ",47007,30000000000,0,3410000000,26590000000,,0,,,CURRENT
"B640      ",ATM100K,"Z8EP      ",47007,,0,,,40000000000,0,11460000000,28540000000,CURRENT
"B642      ",ATM50K,"Z8ER      ",47007,15000000000,0,10100000000,4900000000,,0,,,CURRENT
"B643      ",ATM50K,"Z8ES      ",47007,25000000000,0,19295000000,5705000000,,0,,,CURRENT
"B644      ",ATM50K,"Z8ET      ",59,7500000000,0,280000000,7220000000,,0,,,REPLENISH
"B645      ",ATM100K,"Z8EU      ",59,,0,,,15000000000,0,1200000000,13800000000,REPLENISH
"B648      ",ATM100K,"Z8EX      ",32015,,0,,,30000000000,0,11960000000,18040000000,CURRENT
"B649      ",ATM50K,"Z8EY      ",32015,15000000000,0,3995000000,11005000000,,0,,,CURRENT
"B650      ",ATM50K,"Z8EZ      ",34082,10000000000,0,3390000000,6610000000,,0,,,CURRENT
"B651      ",ATM100K,"Z8FA      ",34082,,0,,,10000000000,0,2190000000,7810000000,CURRENT
"B652      ",ATM100K,"Z8FB      ",24051,,0,,,30000000000,0,920000000,29080000000,REPLENISH
"B653      ",ATM50K,"Z8FC      ",24051,10000000000,0,220000000,9780000000,,0,,,REPLENISH
"B654      ",ATM50K,"Z8FD      ",24051,10000000000,0,30000000,9970000000,,0,,,REPLENISH
"B655      ",ATM50K,"Z8FE      ",28503,10000000000,0,25000000,9975000000,,0,,,REPLENISH
"B656      ",ATM100K,"Z8FF      ",20042,,0,,,40000000000,0,300000000,39700000000,REPLENISH
"B657      ",ATM100K,"Z8FG      ",34088,,0,,,40000000000,0,4710000000,35290000000,REPLENISH
"B658      ",ATM50K,"Z8FH      ",34088,20000000000,0,1320000000,18680000000,,0,,,REPLENISH
"B659      ",ATM100K,"Z8FI      ",27528,,0,,,30000000000,0,1130000000,28870000000,REPLENISH
"B660      ",ATM50K,"Z8FJ      ",27528,15000000000,0,395000000,14605000000,,0,,,REPLENISH
"B662      ",ATM100K,"Z8FL      ",47007,,0,,,40000000000,0,8920000000,31080000000,CURRENT
"B663      ",ATM50K,"Z8FM      ",47007,30000000000,0,17960000000,12040000000,,0,,,CURRENT
"B665      ",ATM50K,"Z8FO      ",47007,21000000000,0,7050000000,13950000000,,0,,,CURRENT
"B667      ",ATM100K,"Z8ZQ      ",47007,,0,,,38000000000,0,15530000000,22470000000,CURRENT
"B668      ",ATM100K,"Z8ZR      ",47007,,0,,,28000000000,0,4830000000,23170000000,REPLENISH
"B670      ",ATM50K,"Z8ZT      ",47007,7000000000,0,2965000000,4035000000,,0,,,CURRENT
"B673      ",ATM50K,"Z8ZW      ",47007,20000000000,0,5190000000,14810000000,,0,,,CURRENT
"B675      ",ATM50K,"Z8ZY      ",47007,25000000000,0,11395000000,13605000000,,0,,,CURRENT
"B681      ",ATM50K,"Z9AE      ",47007,7000000000,0,2995000000,4005000000,,0,,,CURRENT
"B685      ",ATM50K,"Z9AI      ",47007,40000000000,0,15645000000,24355000000,,0,,,CURRENT
"B686      ",ATM50K,"Z9AJ      ",47007,40000000000,0,6810000000,33190000000,,0,,,CURRENT
"B687      ",ATM50K,"Z9AK      ",20013,10000000000,0,50000000,9950000000,,0,,,REPLENISH
"B693      ",ATM50K,"Z9AQ      ",47007,10000000000,0,3630000000,6370000000,,0,,,CURRENT
"B694      ",ATM50K,"Z9AS      ",47007,20000000000,0,5395000000,14605000000,,0,,,CURRENT
"B695      ",ATM50K,"Z9AT      ",47007,25000000000,0,14820000000,10180000000,,0,,,CURRENT
"B696      ",ATM50K,"Z9AU      ",47007,10000000000,0,5795000000,4205000000,,0,,,CURRENT
"B697      ",ATM50K,"Z9AV      ",47007,20000000000,0,11035000000,8965000000,,0,,,CURRENT
"B698      ",ATM100K,"Z9AW      ",47007,,0,,,30000000000,0,8150000000,21850000000,CURRENT
"B700      ",ATM50K,"Z9AY      ",47007,20000000000,0,9470000000,10530000000,,0,,,CURRENT
"B701      ",ATM50K,"Z9AZ      ",47007,10000000000,0,1490000000,8510000000,,0,,,CURRENT
"B702      ",ATM50K,"Z9BA      ",47007,7000000000,0,4525000000,2475000000,,0,,,CURRENT
"B703      ",ATM100K,"Z9BB      ",67,,0,,,20000000000,0,0,20000000000,REPLENISH
"B705      ",ATM50K,"Z9BD      ",47007,14000000000,0,5665000000,8335000000,,0,,,CURRENT
"H009      ",CRM,"W06I      ",47007,5000000000,35000000,1345000000,3690000000,10000000000,0,2810000000,7190000000,CURRENT
"H012      ",CRM,"W06L      ",47007,0,0,0,0,0,0,0,0,CURRENT
"H021      ",CRM,"W06U      ",47007,0,0,0,0,0,0,0,0,CURRENT
"H025      ",CRM,"W06Y      ",47007,0,0,0,0,0,0,0,0,CURRENT
"H031      ",CRM,"W07E      ",47007,0,0,10000000,"-10000000",0,0,0,0,CURRENT
"H036      ",CRM,"W07J      ",47007,0,0,0,0,0,0,0,0,CURRENT
"H038      ",CRM,"W07L      ",47007,0,0,0,0,0,0,0,0,CURRENT
"H043      ",CRM,"W07Q      ",47007,0,0,0,0,0,0,0,0,CURRENT
"H048      ",CRM,"W07V      ",47007,3600000000,1200000000,1880000000,2920000000,33600000000,10900000000,6820000000,37680000000,CURRENT
"H052      ",CRM,"W07Z      ",47007,5000000000,1085000000,465000000,5620000000,10000000000,3280000000,2070000000,11210000000,REPLENISH
"H053      ",CRM,"W08A      ",47007,3000000000,2320000000,460000000,4860000000,3000000000,10380000000,830000000,12550000000,CURRENT
"H055      ",CRM,"W08C      ",47007,14000000000,1240000000,4755000000,10485000000,32000000000,1990000000,6820000000,27170000000,CURRENT
"H056      ",CRM,"W08D      ",47007,0,0,0,0,0,0,0,0,CURRENT
"H057      ",CRM,"W08E      ",47007,4000000000,680000000,1925000000,2755000000,8000000000,2420000000,9520000000,900000000,REPLENISH
"H060      ",CRM,"W08H      ",47007,5000000000,565000000,390000000,5175000000,10000000000,3800000000,2400000000,11400000000,CURRENT
"H061      ",CRM,"W08I      ",47007,10000000000,4065000000,8355000000,5710000000,20000000000,10860000000,8650000000,22210000000,CURRENT
"H062      ",CRM,"W08J      ",47007,5000000000,12390000000,3780000000,13610000000,10000000000,30710000000,13710000000,27000000000,CURRENT
"H063      ",CRM,"W08K      ",47007,4000000000,8180000000,3565000000,8615000000,8000000000,57500000000,20870000000,44630000000,CURRENT
"H064      ",CRM,"W08L      ",47007,14000000000,11645000000,3810000000,21835000000,11000000000,43150000000,14730000000,39420000000,CURRENT
"H065      ",CRM,"W08M      ",47007,5000000000,6450000000,5375000000,6075000000,10000000000,25370000000,15220000000,20150000000,CURRENT
"H066      ",CRM,"W08N      ",47007,4000000000,120000000,1150000000,2970000000,12000000000,7940000000,2610000000,17330000000,CURRENT
"H067      ",CRM,"W08O      ",47007,12000000000,855000000,4500000000,8355000000,15000000000,4710000000,7890000000,11820000000,CURRENT
"H071      ",CRM,"W51C      ",47007,15000000000,7610000000,20435000000,2175000000,20000000000,7170000000,21950000000,5220000000,REPLENISH
"H072      ",CRM,"W51D      ",47007,8000000000,1020000000,555000000,8465000000,28000000000,19740000000,14800000000,32940000000,CURRENT
"H075      ",CRM,"W51G      ",30000,1000000000,15830000000,2570000000,14260000000,2000000000,30030000000,4430000000,27600000000,REPLENISH
"H076      ",CRM,"W51H      ",30000,1000000000,30010000000,6565000000,24445000000,2000000000,59350000000,17170000000,44180000000,REPLENISH
"H077      ",CRM,"W51J      ",47007,8500000000,405000000,3105000000,5800000000,28000000000,1870000000,4950000000,24920000000,CURRENT
"H085      ",CRM,"W51R      ",47007,5000000000,650000000,1270000000,4380000000,10000000000,2340000000,1400000000,10940000000,CURRENT
"H086      ",CRM,"W51S      ",47007,5000000000,15000000,80000000,4935000000,10000000000,0,40000000,9960000000,CURRENT
"H089      ",CRM,"W51V      ",47007,10000000000,860000000,5105000000,5755000000,28000000000,1490000000,1670000000,27820000000,REPLENISH
"H090      ",CRM,"W51W      ",4008,5000000000,2195000000,2005000000,5190000000,10000000000,10920000000,10160000000,10760000000,REPLENISH
"H091      ",CRM,"W51X      ",34076,5000000000,3830000000,2705000000,6125000000,10000000000,11410000000,4650000000,16760000000,REPLENISH
"H092      ",CRM,"W51Y      ",37003,5000000000,210000000,2225000000,2985000000,15000000000,8090000000,12080000000,11010000000,REPLENISH
"H093      ",CRM,"W51Z      ",12007,4000000000,190000000,80000000,4110000000,6000000000,280000000,3600000000,2680000000,REPLENISH
"H095      ",CRM,"W52B      ",12,3000000000,15000000,435000000,2580000000,5000000000,710000000,490000000,5220000000,REPLENISH
"H098      ",CRM,"W52D      ",47007,0,0,0,0,0,0,0,0,CURRENT
"H101      ",CRM,"W52F      ",47007,5000000000,230000000,60000000,5170000000,10000000000,30000000,0,10030000000,CURRENT
"H102      ",CRM,"W52G      ",47007,5000000000,540000000,45000000,5495000000,10000000000,2690000000,110000000,12580000000,CURRENT
"H103      ",CRM,"W52H      ",47007,5000000000,2140000000,555000000,6585000000,10000000000,3390000000,2210000000,11180000000,CURRENT
"H104      ",CRM,"W52I      ",37015,5000000000,25000000,1190000000,3835000000,10000000000,110000000,3520000000,6590000000,REPLENISH
"H105      ",CRM,"W52J      ",37015,5000000000,260000000,1780000000,3480000000,10000000000,4450000000,4590000000,9860000000,REPLENISH
"H107      ",CRM,"W52O      ",47007,10000000000,1805000000,7300000000,4505000000,20000000000,3980000000,12800000000,11180000000,CURRENT
"H108      ",CRM,"W52P      ",43502,5000000000,2395000000,2195000000,5200000000,10000000000,6700000000,3610000000,13090000000,REPLENISH
"H109      ",CRM,"W52Q      ",43504,2000000000,495000000,865000000,1630000000,5000000000,7320000000,820000000,11500000000,REPLENISH
"H110      ",CRM,"W52R      ",23026,10000000000,1530000000,4545000000,6985000000,0,10020000000,1880000000,8140000000,REPLENISH
"H115      ",CRM,"W52W      ",47007,10000000000,5615000000,3770000000,11845000000,10000000000,15950000000,11600000000,14350000000,CURRENT
"H117      ",CRM,"W52Y      ",47007,20000000000,410000000,5210000000,15200000000,10000000000,4790000000,1680000000,13110000000,CURRENT
"H118      ",CRM,"W52Z      ",47007,3000000000,9020000000,5185000000,6835000000,5000000000,11130000000,5570000000,10560000000,REPLENISH
"H119      ",CRM,"W53A      ",47007,0,0,0,0,0,0,0,0,CURRENT
"H120      ",CRM,"W53B      ",47007,0,0,0,0,0,0,0,0,CURRENT
"H121      ",CRM,"W53C      ",47007,15000000000,410000000,4725000000,10685000000,15000000000,470000000,2840000000,12630000000,CURRENT
"H122      ",CRM,"W53D      ",47007,6500000000,100000000,4795000000,1805000000,28000000000,1100000000,5970000000,23130000000,CURRENT
"H123      ",CRM,"W53E      ",47007,20000000000,335000000,9105000000,11230000000,28000000000,910000000,8250000000,20660000000,CURRENT
"H124      ",CRM,"W53F      ",47007,15500000000,280000000,5330000000,10450000000,10000000000,1390000000,4060000000,7330000000,CURRENT
"H125      ",CRM,"W53G      ",47007,0,0,0,0,0,0,0,0,CURRENT
"H129      ",CRM,"W53K      ",47007,10000000000,75000000,2465000000,7610000000,10000000000,3750000000,4570000000,9180000000,CURRENT
"H130      ",CRM,"W53L      ",44010,1000000000,10055000000,4755000000,6300000000,2000000000,9250000000,6540000000,4710000000,REPLENISH
"H131      ",CRM,"W53M      ",23048,5000000000,1415000000,3665000000,2750000000,15000000000,3130000000,11680000000,6450000000,REPLENISH
"H133      ",CRM,"W54O      ",24026,10000000000,1420000000,5340000000,6080000000,20000000000,6030000000,10860000000,15170000000,CURRENT
"H137      ",CRM,"W54S      ",47007,0,0,0,0,0,0,0,0,CURRENT
"H140      ",CRM,"W54V      ",8001,5000000000,795000000,1275000000,4520000000,10000000000,880000000,4490000000,6390000000,CURRENT
"H141      ",CRM,"W54W      ",34073,5000000000,45000000,375000000,4670000000,10000000000,340000000,2110000000,8230000000,REPLENISH
"H142      ",CRM,"W54X      ",47007,20000000000,1060000000,7610000000,13450000000,28000000000,2340000000,6970000000,23370000000,CURRENT
"H145      ",CRM,"W55A      ",12013,0,0,0,0,0,0,0,0,CURRENT
"H147      ",CRM,"W55C      ",48,10000000000,1005000000,6025000000,4980000000,20000000000,2230000000,7380000000,14850000000,REPLENISH
"H150      ",CRM,"W55F      ",12001,0,1355000000,365000000,990000000,10000000000,1920000000,8630000000,3290000000,REPLENISH
"H151      ",CRM,"W55G      ",29023,5000000000,555000000,1835000000,3720000000,10000000000,2770000000,3300000000,9470000000,CURRENT
"H152      ",CRM,"W55H      ",36,5000000000,370000000,3855000000,1515000000,10000000000,2510000000,8340000000,4170000000,CURRENT
"H154      ",CRM,"W55J      ",16031,4000000000,305000000,2370000000,1935000000,6000000000,2620000000,2970000000,5650000000,CURRENT
"H157      ",CRM,"W55M      ",47007,10000000000,2280000000,7550000000,4730000000,10000000000,16730000000,13180000000,13550000000,REPLENISH
"H160      ",CRM,"W55P      ",33,0,5000000,20000000,"-15000000",0,0,0,0,REPLENISH
"H161      ",CRM,"W55Q      ",47007,13000000000,1335000000,4830000000,9505000000,14000000000,890000000,7690000000,7200000000,CURRENT
"H162      ",CRM,"W55R      ",47007,12000000000,1290000000,10880000000,2410000000,14000000000,5570000000,17080000000,2490000000,CURRENT
"H163      ",CRM,"W55S      ",47007,12000000000,1120000000,7175000000,5945000000,14000000000,2580000000,3980000000,12600000000,CURRENT
"H164      ",CRM,"W55T      ",47007,10000000000,1655000000,9685000000,1970000000,14000000000,10410000000,6830000000,17580000000,CURRENT
"H165      ",CRM,"W55U      ",47007,10000000000,5215000000,14560000000,655000000,15000000000,20820000000,33530000000,2290000000,REPLENISH
"H166      ",CRM,"W55V      ",47007,11000000000,1185000000,3340000000,8845000000,7000000000,6140000000,9710000000,3430000000,REPLENISH
"H167      ",CRM,"W55W      ",47007,15000000000,350000000,6050000000,9300000000,15000000000,610000000,2540000000,13070000000,CURRENT
"H168      ",CRM,"W55X      ",47007,13000000000,2340000000,14580000000,760000000,14000000000,5420000000,12340000000,7080000000,REPLENISH
"H169      ",CRM,"W55Y      ",47007,20000000000,1200000000,12605000000,8595000000,28000000000,3390000000,12670000000,18720000000,CURRENT
"H170      ",CRM,"W55Z      ",47007,10000000000,6530000000,15365000000,1165000000,15000000000,15340000000,16850000000,13490000000,CURRENT
"H171      ",CRM,"W56A      ",47007,13000000000,1185000000,11800000000,2385000000,14000000000,3420000000,14190000000,3230000000,CURRENT
"H172      ",CRM,"W56B      ",47007,11000000000,3000000000,5400000000,8600000000,14000000000,9740000000,4420000000,19320000000,REPLENISH
"H173      ",CRM,"W56C      ",47007,0,0,0,0,0,0,0,0,CURRENT
"H174      ",CRM,"W56D      ",47007,11000000000,1265000000,5840000000,6425000000,14000000000,5080000000,6570000000,12510000000,CURRENT
"H175      ",CRM,"W56E      ",47007,10000000000,350000000,4245000000,6105000000,20000000000,3520000000,4670000000,18850000000,CURRENT
"H176      ",CRM,"W56F      ",47007,13000000000,3130000000,12460000000,3670000000,14000000000,8130000000,18680000000,3450000000,CURRENT
"H177      ",CRM,"W56G      ",47007,10000000000,2260000000,9560000000,2700000000,20000000000,4760000000,12340000000,12420000000,CURRENT
"H178      ",CRM,"W56H      ",47007,0,0,0,0,0,0,0,0,CURRENT
"H179      ",CRM,"W56I      ",47007,20000000000,930000000,8070000000,12860000000,28000000000,4010000000,10030000000,21980000000,CURRENT
"H180      ",CRM,"W56J      ",47007,10000000000,1190000000,10360000000,830000000,15000000000,6240000000,11110000000,10130000000,CURRENT
"H181      ",CRM,"W56K      ",47007,10000000000,1380000000,7960000000,3420000000,15000000000,2980000000,17350000000,630000000,CURRENT
"H182      ",CRM,"W56L      ",47007,0,0,0,0,0,0,0,0,CURRENT
"H183      ",CRM,"W56M      ",47007,15000000000,540000000,8555000000,6985000000,15000000000,2480000000,7740000000,9740000000,CURRENT
"H184      ",CRM,"W56N      ",47007,10000000000,4260000000,13150000000,1110000000,20000000000,8780000000,27240000000,1540000000,REPLENISH
"H185      ",CRM,"W56O      ",47007,10000000000,11865000000,20955000000,910000000,20000000000,30240000000,26510000000,23730000000,CURRENT
"H186      ",CRM,"W56P      ",47007,14000000000,600000000,11610000000,2990000000,21000000000,3010000000,17560000000,6450000000,REPLENISH
"H187      ",CRM,"W56Q      ",47007,10000000000,2745000000,11730000000,1015000000,15000000000,12180000000,26410000000,770000000,CURRENT
"H188      ",CRM,"W56R      ",47007,10000000000,3665000000,11280000000,2385000000,20000000000,11170000000,29800000000,1370000000,CURRENT
"H189      ",CRM,"W56S      ",47007,10000000000,2790000000,10300000000,2490000000,15000000000,3520000000,4670000000,13850000000,REPLENISH
"H190      ",CRM,"W56T      ",47007,20000000000,430000000,5775000000,14655000000,20000000000,2030000000,5160000000,16870000000,REPLENISH
"H191      ",CRM,"W56U      ",47007,5000000000,680000000,4210000000,1470000000,10000000000,1870000000,4450000000,7420000000,CURRENT
"H192      ",CRM,"W56V      ",47007,14000000000,520000000,5665000000,8855000000,18000000000,5890000000,5100000000,18790000000,CURRENT
"H193      ",CRM,"W56W      ",47007,10000000000,2445000000,11345000000,1100000000,10000000000,6440000000,15310000000,1130000000,REPLENISH
"H194      ",CRM,"W56X      ",47007,10000000000,1495000000,10710000000,785000000,15000000000,8950000000,11830000000,12120000000,CURRENT
"H196      ",CRM,"W56Z      ",47007,10000000000,840000000,10410000000,430000000,10000000000,3320000000,11120000000,2200000000,CURRENT
"H197      ",CRM,"W57A      ",47007,10000000000,385000000,9705000000,680000000,15000000000,8060000000,7540000000,15520000000,CURRENT
"H198      ",CRM,"W57B      ",47007,20000000000,1285000000,20665000000,620000000,20000000000,6190000000,25080000000,1110000000,REPLENISH
"H199      ",CRM,"W57C      ",47007,20000000000,405000000,18435000000,1970000000,20000000000,1160000000,20320000000,840000000,CURRENT
"H200      ",CRM,"W57D      ",47007,10000000000,595000000,10035000000,560000000,15000000000,4170000000,6820000000,12350000000,CURRENT
"H201      ",CRM,"W57E      ",47007,15000000000,460000000,2540000000,12920000000,15000000000,470000000,6520000000,8950000000,REPLENISH
"H202      ",CRM,"W57F      ",47007,10000000000,7485000000,15685000000,1800000000,15000000000,20680000000,34020000000,1660000000,REPLENISH
"H203      ",CRM,"W57G      ",47007,10000000000,4630000000,14000000000,630000000,15000000000,7630000000,21050000000,1580000000,CURRENT
"H205      ",CRM,"W57I      ",47007,4000000000,190000000,2460000000,1730000000,7000000000,3270000000,1480000000,8790000000,CURRENT
"H206      ",CRM,"W57J      ",16034,4000000000,1345000000,1540000000,3805000000,6000000000,1120000000,2930000000,4190000000,CURRENT
"H207      ",CRM,"W57K      ",24003,5000000000,0,300000000,4700000000,10000000000,10000000,30000000,9980000000,CURRENT
"H208      ",CRM,"W57L      ",24003,5000000000,565000000,1725000000,3840000000,10000000000,2870000000,1080000000,11790000000,CURRENT
"H209      ",CRM,"W57M      ",47007,5000000000,695000000,765000000,4930000000,10000000000,1900000000,1010000000,10890000000,CURRENT
"H210      ",CRM,"W57N      ",47007,5000000000,110000000,235000000,4875000000,10000000000,1700000000,1000000000,10700000000,CURRENT
"H211      ",CRM,"W57O      ",27525,5000000000,685000000,335000000,5350000000,10000000000,3990000000,1520000000,12470000000,CURRENT
"H212      ",CRM,"W57P      ",27525,5000000000,2085000000,3555000000,3530000000,10000000000,13790000000,13870000000,9920000000,CURRENT
"H214      ",CRM,"W57R      ",47007,12000000000,420000000,690000000,11730000000,14000000000,8500000000,2220000000,20280000000,CURRENT
"H215      ",CRM,"W57S      ",34081,2500000000,375000000,2385000000,490000000,5000000000,7970000000,1240000000,11730000000,REPLENISH
"H216      ",CRM,"W57T      ",34081,2500000000,195000000,1015000000,1680000000,5000000000,2840000000,890000000,6950000000,REPLENISH
"H217      ",CRM,"W57U      ",47007,0,0,0,0,0,0,0,0,CURRENT
"H219      ",CRM,"W57W      ",29014,2000000000,3700000000,3630000000,2070000000,3000000000,3490000000,5650000000,840000000,REPLENISH
"H220      ",CRM,"W57X      ",47007,10000000000,215000000,4710000000,5505000000,20000000000,560000000,4620000000,15940000000,CURRENT
"H221      ",CRM,"W57Y      ",27008,2000000000,1780000000,610000000,3170000000,8000000000,3360000000,470000000,10890000000,REPLENISH
"H222      ",CRM,"W57Z      ",27008,2000000000,185000000,640000000,1545000000,8000000000,620000000,360000000,8260000000,REPLENISH
"H223      ",CRM,"W58A      ",29037,3000000000,1740000000,1870000000,2870000000,7000000000,3770000000,2850000000,7920000000,CURRENT
"H224      ",CRM,"W58B      ",29037,3000000000,2310000000,2255000000,3055000000,7000000000,14470000000,5190000000,16280000000,CURRENT
"H225      ",CRM,"W58C      ",23049,2000000000,0,1110000000,890000000,8000000000,300000000,5650000000,2650000000,REPLENISH
"H226      ",CRM,"W58D      ",47007,4000000000,180000000,780000000,3400000000,7000000000,2650000000,580000000,9070000000,CURRENT
"H227      ",CRM,"W58E      ",47007,4000000000,285000000,1325000000,2960000000,7000000000,2330000000,1780000000,7550000000,CURRENT
"H228      ",CRM,"W58F      ",39072,5000000000,2725000000,5680000000,2045000000,10000000000,5700000000,5520000000,10180000000,REPLENISH
"H232      ",CRM,"W58J      ",47007,0,0,0,0,0,0,0,0,CURRENT
"H233      ",CRM,"W58K      ",47007,0,0,0,0,0,0,0,0,CURRENT
"H234      ",CRM,"W58L      ",47007,0,0,0,0,0,0,0,0,REPLENISH
"H235      ",CRM,"W58M      ",47007,13500000000,1095000000,13070000000,1525000000,28000000000,2910000000,15040000000,15870000000,CURRENT
"H236      ",CRM,"W58N      ",47007,0,0,0,0,0,0,0,0,CURRENT
"H239      ",CRM,"W58Q      ",47007,0,0,0,0,0,0,0,0,CURRENT
"H245      ",CRM,"W58W      ",47007,15000000000,165000000,4030000000,11135000000,20000000000,6250000000,1710000000,24540000000,CURRENT
"H246      ",CRM,"W58X      ",47007,15000000000,4170000000,10975000000,8195000000,15000000000,5200000000,13240000000,6960000000,CURRENT
"H251      ",CRM,"W59C      ",47007,0,0,0,0,0,0,0,0,CURRENT
"H253      ",CRM,"W59E      ",47007,0,0,0,0,0,0,0,0,REPLENISH
"H255      ",CRM,"W59G      ",47007,10000000000,220000000,4605000000,5615000000,20000000000,2180000000,8550000000,13630000000,CURRENT
"H260      ",CRM,"W59L      ",47007,15000000000,1355000000,8765000000,7590000000,15000000000,5110000000,7850000000,12260000000,REPLENISH
"H266      ",CRM,"W59R      ",47007,14000000000,1155000000,14725000000,430000000,32000000000,1680000000,16670000000,17010000000,CURRENT
"H268      ",CRM,"W59T      ",47007,0,0,0,0,0,0,0,0,CURRENT
"H269      ",CRM,"W59U      ",47007,0,0,0,0,0,0,0,0,CURRENT
"H270      ",CRM,"W59V      ",47007,0,0,0,0,0,0,0,0,CURRENT
"H271      ",CRM,"W59W      ",47007,5000000000,2470000000,6225000000,1245000000,15000000000,11840000000,16790000000,10050000000,CURRENT
"H272      ",CRM,"W59X      ",47007,0,0,0,0,0,0,0,0,CURRENT
"H273      ",CRM,"W59Y      ",47007,0,0,0,0,0,0,0,0,CURRENT
"H279      ",CRM,"W60E      ",47007,0,0,0,0,0,0,0,0,CURRENT
"H280      ",CRM,"W60F      ",47007,10000000000,32455000000,39225000000,3230000000,15000000000,53370000000,53830000000,14540000000,REPLENISH
"H286      ",CRM,"W60L      ",47007,0,0,0,0,0,0,0,0,CURRENT
"H289      ",CRM,"W60O      ",47007,0,0,0,0,0,0,0,0,CURRENT
"H294      ",CRM,"W60T      ",47007,10000000000,235000000,5550000000,4685000000,15000000000,2560000000,9150000000,8410000000,CURRENT
"H295      ",CRM,"W60U      ",47007,0,0,0,0,0,0,0,0,CURRENT
"H296      ",CRM,"W60V      ",47007,0,0,0,0,0,0,0,0,CURRENT
"H299      ",CRM,"W60Y      ",47007,15000000000,1065000000,5995000000,10070000000,15000000000,1470000000,3890000000,12580000000,CURRENT
"H301      ",CRM,"W61A      ",47007,20000000000,925000000,15165000000,5760000000,20000000000,2370000000,15680000000,6690000000,CURRENT
"H302      ",CRM,"W61B      ",47007,0,0,0,0,0,0,0,0,CURRENT
"H305      ",CRM,"W61E      ",47007,0,0,0,0,0,0,0,0,CURRENT
"H306      ",CRM,"W61F      ",47007,14000000000,235000000,3775000000,10460000000,18000000000,1220000000,3910000000,15310000000,CURRENT
"H308      ",CRM,"W61H      ",47007,6000000000,1215000000,3630000000,3585000000,18000000000,8350000000,11740000000,14610000000,REPLENISH
"H309      ",CRM,"W61I      ",47007,10000000000,0,8485000000,1515000000,1000000000,20000000,310000000,710000000,CURRENT
"H310      ",CRM,"W61J      ",47007,10000000000,0,7360000000,2640000000,30000000000,10000000,28260000000,1750000000,CURRENT
"H311      ",CRM,"W61K      ",47007,10000000000,210000000,9320000000,890000000,10000000000,3290000000,10710000000,2580000000,CURRENT
"H312      ",CRM,"W61L      ",47007,11000000000,240000000,2340000000,8900000000,21000000000,1250000000,19150000000,3100000000,CURRENT
"H314      ",CRM,"W61N      ",47007,5000000000,3370000000,3480000000,4890000000,10000000000,9570000000,5710000000,13860000000,CURRENT
"H316      ",CRM,"W61P      ",47007,5000000000,4195000000,4220000000,4975000000,10000000000,18120000000,19020000000,9100000000,CURRENT
"H317      ",CRM,"W61Q      ",47007,0,0,0,0,0,0,0,0,CURRENT
"H318      ",CRM,"W61R      ",47007,0,0,0,0,0,0,0,0,CURRENT
"H321      ",CRM,"W61U      ",27524,5000000000,940000000,1765000000,4175000000,10000000000,2850000000,4730000000,8120000000,REPLENISH
"H322      ",CRM,"W61V      ",27524,5000000000,300000000,1400000000,3900000000,10000000000,3070000000,4060000000,9010000000,REPLENISH
"H323      ",CRM,"W61W      ",47007,5000000000,4010000000,7760000000,1250000000,10000000000,30310000000,30590000000,9720000000,CURRENT
"H324      ",CRM,"W61X      ",47007,5000000000,1145000000,2020000000,4125000000,10000000000,1460000000,4960000000,6500000000,CURRENT
"H325      ",CRM,"W61Y      ",47007,5000000000,8570000000,12530000000,1040000000,10000000000,69420000000,42500000000,36920000000,CURRENT
"H326      ",CRM,"W61Z      ",47007,5000000000,2150000000,1640000000,5510000000,5000000000,14880000000,4820000000,15060000000,CURRENT
"H327      ",CRM,"W62A      ",47007,5000000000,2730000000,3110000000,4620000000,5000000000,8400000000,3210000000,10190000000,CURRENT
"H330      ",CRM,"W62D      ",31504,2000000000,815000000,665000000,2150000000,4000000000,1810000000,2070000000,3740000000,CURRENT
"H331      ",CRM,"W62E      ",31504,2000000000,4790000000,390000000,6400000000,4000000000,10560000000,570000000,13990000000,CURRENT
"H333      ",CRM,"W62G      ",44000,5000000000,2240000000,960000000,6280000000,10000000000,3740000000,1820000000,11920000000,REPLENISH
"H334      ",CRM,"W62H      ",44000,5000000000,1250000000,1655000000,4595000000,10000000000,3080000000,3040000000,10040000000,REPLENISH
"H338      ",CRM,"W62L      ",59,0,0,0,0,0,0,0,0,REPLENISH
"H341      ",CRM,"W62O      ",32015,2000000000,4135000000,1200000000,4935000000,4000000000,6930000000,1330000000,9600000000,REPLENISH
"H342      ",CRM,"W62P      ",32015,2000000000,2915000000,1420000000,3495000000,4000000000,8400000000,2200000000,10200000000,REPLENISH
"H343      ",CRM,"W62Q      ",34082,2000000000,480000000,445000000,2035000000,4000000000,3130000000,1520000000,5610000000,REPLENISH
"H344      ",CRM,"W62R      ",34082,2000000000,775000000,1805000000,970000000,4000000000,7640000000,4570000000,7070000000,CURRENT
"H345      ",CRM,"W62S      ",24051,1000000000,2150000000,1505000000,1645000000,2000000000,25970000000,3360000000,24610000000,REPLENISH
"H346      ",CRM,"W62T      ",28503,5000000000,3230000000,2150000000,6080000000,10000000000,8250000000,5680000000,12570000000,REPLENISH
"H347      ",CRM,"W62U      ",20042,5000000000,1845000000,3600000000,3245000000,10000000000,1920000000,7720000000,4200000000,REPLENISH
"H349      ",CRM,"W62W      ",34088,2000000000,7835000000,1970000000,7865000000,4000000000,23150000000,6310000000,20840000000,REPLENISH
"H350      ",CRM,"W62X      ",27528,1000000000,2045000000,1265000000,1780000000,2000000000,21890000000,10500000000,13390000000,REPLENISH
"H352      ",CRM,"W62Z      ",29012,5000000000,1000000000,1710000000,4290000000,10000000000,4210000000,4610000000,9600000000,REPLENISH
"H359      ",CRM,"W63G      ",34073,5000000000,1635000000,1215000000,5420000000,10000000000,7140000000,2170000000,14970000000,REPLENISH
"H360      ",CRM,"W63H      ",34073,5000000000,2920000000,2215000000,5705000000,10000000000,15320000000,6660000000,18660000000,REPLENISH
"H361      ",CRM,"W63I      ",29019,5000000000,5505000000,1390000000,9115000000,10000000000,2190000000,5930000000,6260000000,REPLENISH
"H362      ",CRM,"W63J      ",47007,4000000000,135000000,175000000,3960000000,4000000000,450000000,0,4450000000,CURRENT
"H363      ",CRM,"W63K      ",47007,11000000000,865000000,1410000000,10455000000,11000000000,790000000,2280000000,9510000000,CURRENT
"H364      ",CRM,"W63L      ",27527,2000000000,12615000000,10405000000,4210000000,4000000000,86440000000,52630000000,37810000000,REPLENISH
"H365      ",CRM,"W63M      ",47007,0,0,0,0,0,0,0,0,CURRENT
"H366      ",CRM,"W63N      ",47007,0,0,0,0,0,0,0,0,CURRENT
"H367      ",CRM,"W63O      ",6,3000000000,600000000,1590000000,2010000000,3000000000,4690000000,5270000000,2420000000,REPLENISH
"H368      ",CRM,"W63P      ",14,5000000000,1450000000,2060000000,4390000000,10000000000,8850000000,2690000000,16160000000,CURRENT
"H369      ",CRM,"W63Q      ",14,5000000000,185000000,1690000000,3495000000,10000000000,500000000,6620000000,3880000000,REPLENISH
"H370      ",CRM,"W63R      ",14,5000000000,115000000,2155000000,2960000000,10000000000,4880000000,10340000000,4540000000,CURRENT
"H371      ",CRM,"W63S      ",47007,14000000000,320000000,2405000000,11915000000,14000000000,2120000000,11310000000,4810000000,CURRENT
"H372      ",CRM,"W63T      ",4006,5000000000,1870000000,1950000000,4920000000,10000000000,6950000000,3370000000,13580000000,REPLENISH
"H373      ",CRM,"W63U      ",8019,5000000000,150000000,780000000,4370000000,10000000000,2500000000,3600000000,8900000000,CURRENT
"H374      ",CRM,"W63V      ",39000,5000000000,2070000000,2030000000,5040000000,10000000000,7400000000,5710000000,11690000000,REPLENISH
"H376      ",CRM,"W63X      ",47007,4000000000,670000000,180000000,4490000000,7000000000,1830000000,0,8830000000,CURRENT
"H377      ",CRM,"W63Y      ",16,2000000000,270000000,755000000,1515000000,10000000000,830000000,1560000000,9270000000,REPLENISH
"H378      ",CRM,"W63Z      ",43506,2000000000,0,5000000,1995000000,4000000000,0,0,4000000000,REPLENISH
"H379      ",CRM,"W64A      ",27529,0,0,0,0,0,0,0,0,CURRENT
"H381      ",CRM,"WH4C      ",20036,1000000000,225000000,625000000,600000000,2000000000,2030000000,1480000000,2550000000,REPLENISH
"H382      ",CRM,"WH4D      ",20036,1000000000,735000000,300000000,1435000000,2000000000,4280000000,2130000000,4150000000,REPLENISH
"H383      ",CRM,"WH4E      ",37,5000000000,55000000,1330000000,3725000000,10000000000,410000000,1940000000,8470000000,CURRENT
"H385      ",CRM,"W64G      ",34026,5000000000,415000000,1175000000,4240000000,10000000000,1580000000,4480000000,7100000000,REPLENISH
"H386      ",CRM,"W64H      ",29038,4000000000,8655000000,1390000000,11265000000,6000000000,22510000000,9960000000,18550000000,REPLENISH
"H387      ",CRM,"W64I      ",29038,4000000000,8825000000,3285000000,9540000000,6000000000,17660000000,18710000000,4950000000,REPLENISH
"H388      ",CRM,"W64J      ",12016,10000000000,615000000,5490000000,5125000000,10000000000,6260000000,9980000000,6280000000,REPLENISH
"H389      ",CRM,"W64K      ",23044,3000000000,350000000,1175000000,2175000000,8000000000,580000000,1000000000,7580000000,REPLENISH
"H390      ",CRM,"W64L      ",23044,3000000000,170000000,990000000,2180000000,8000000000,1230000000,1710000000,7520000000,REPLENISH
"H391      ",CRM,"W64M      ",32015,5000000000,865000000,1220000000,4645000000,5000000000,2560000000,2280000000,5280000000,REPLENISH
"H392      ",CRM,"W64N      ",58,5000000000,215000000,475000000,4740000000,10000000000,440000000,3870000000,6570000000,CURRENT
"H393      ",CRM,"W64O      ",39085,2000000000,50000000,765000000,1285000000,3000000000,220000000,70000000,3150000000,REPLENISH
"H394      ",CRM,"W64P      ",39085,2000000000,155000000,160000000,1995000000,3000000000,420000000,50000000,3370000000,REPLENISH
"H396      ",CRM,"W64R      ",39086,5000000000,310000000,1065000000,4245000000,5000000000,510000000,1320000000,4190000000,REPLENISH
"H397      ",CRM,"W64S      ",29030,5000000000,6615000000,1155000000,10460000000,20000000000,7010000000,20090000000,6920000000,REPLENISH
"H398      ",CRM,"W64T      ",29030,10000000000,9920000000,285000000,19635000000,10000000000,4230000000,900000000,13330000000,REPLENISH
"H399      ",CRM,"W64U      ",47007,4000000000,3340000000,645000000,6695000000,12000000000,12880000000,1560000000,23320000000,CURRENT
"H400      ",CRM,"W64V      ",47007,10000000000,4055000000,12290000000,1765000000,20000000000,13280000000,22100000000,11180000000,CURRENT
"H401      ",CRM,"W64W      ",67,5000000000,300000000,3710000000,1590000000,5000000000,4360000000,6820000000,2540000000,REPLENISH
"H402      ",CRM,"W64X      ",24017,2000000000,200000000,470000000,1730000000,4000000000,940000000,1960000000,2980000000,REPLENISH
"H403      ",CRM,"W64Y      ",47007,10000000000,3005000000,12555000000,450000000,10000000000,3450000000,11090000000,2360000000,CURRENT
"H404      ",CRM,"W64Z      ",47007,10000000000,815000000,10155000000,660000000,15000000000,2090000000,15780000000,1310000000,CURRENT
"H405      ",CRM,"W65A      ",47007,10000000000,1805000000,10195000000,1610000000,15000000000,5220000000,16110000000,4110000000,CURRENT
"H406      ",CRM,"W65B      ",47007,5000000000,6850000000,1700000000,10150000000,10000000000,11090000000,3060000000,18030000000,CURRENT
"H407      ",CRM,"W65C      ",47007,10000000000,6905000000,12330000000,4575000000,10000000000,34000000000,18320000000,25680000000,CURRENT
"H408      ",CRM,"W65D      ",47007,10000000000,470000000,9730000000,740000000,15000000000,1350000000,14730000000,1620000000,REPLENISH
"H409      ",CRM,"W65E      ",47007,20000000000,140000000,4240000000,15900000000,28000000000,930000000,6400000000,22530000000,CURRENT
"H410      ",CRM,"W65F      ",47007,10000000000,7075000000,14230000000,2845000000,15000000000,15240000000,23730000000,6510000000,CURRENT
"H411      ",CRM,"W65G      ",47007,10000000000,1380000000,4085000000,7295000000,10000000000,2040000000,1580000000,10460000000,CURRENT
"H412      ",CRM,"W65H      ",47007,10000000000,1865000000,10655000000,1210000000,15000000000,9260000000,17340000000,6920000000,CURRENT
"H413      ",CRM,"W65I      ",23047,5000000000,455000000,2130000000,3325000000,10000000000,1820000000,4150000000,7670000000,REPLENISH
"H414      ",CRM,"W65J      ",39085,0,0,0,0,0,0,0,0,CURRENT
"H417      ",CRM,"W65M      ",34081,2000000000,0,80000000,1920000000,4000000000,0,0,4000000000,REPLENISH
"ZZAA      ",CRM,"W1AA      ",47007,14000000000,4575000000,3735000000,14840000000,13000000000,58800000000,10220000000,61580000000,CURRENT
"ZZAB      ",CRM,"W1AB      ",47007,0,0,0,0,0,0,0,0,CURRENT
"ZZAC      ",CRM,"W1AC      ",8014,2000000000,1180000000,2520000000,660000000,4000000000,8050000000,4400000000,7650000000,CURRENT
"ZZAD      ",CRM,"W1AD      ",8001,5000000000,755000000,1790000000,3965000000,10000000000,2210000000,11240000000,970000000,CURRENT
"ZZAE      ",CRM,"W1AE      ",23037,5000000000,660000000,1140000000,4520000000,10000000000,8110000000,6750000000,11360000000,REPLENISH
"ZZAG      ",CRM,"W1AG      ",20007,2000000000,3420000000,1310000000,4110000000,4000000000,5890000000,8460000000,1430000000,REPLENISH
"ZZAH      ",CRM,"W1AH      ",54,2000000000,510000000,495000000,2015000000,8000000000,1520000000,1060000000,8460000000,REPLENISH
"ZZAI      ",CRM,"W1AI      ",8003,4000000000,1350000000,2580000000,2770000000,6000000000,8630000000,6830000000,7800000000,REPLENISH
"ZZAJ      ",CRM,"W1AJ      ",29029,5000000000,4175000000,6315000000,2860000000,10000000000,6560000000,9850000000,6710000000,REPLENISH
"ZZAO      ",CRM,"W1AO      ",47007,0,0,0,0,0,0,0,0,CURRENT
"ZZAP      ",CRM,"W1AP      ",47007,5000000000,2680000000,2520000000,5160000000,10000000000,5950000000,9350000000,6600000000,CURRENT
"ZZAR      ",CRM,"W1AR      ",47007,3500000000,695000000,3545000000,650000000,10000000000,3040000000,4740000000,8300000000,CURRENT
"ZZAS      ",CRM,"W1AS      ",47007,14000000000,635000000,3230000000,11405000000,20000000000,3550000000,7900000000,15650000000,CURRENT
"ZZAZ      ",CRM,"W1AZ      ",34057,5000000000,3585000000,3220000000,5365000000,10000000000,28510000000,5440000000,33070000000,REPLENISH
"ZZA1      ",CRM,"W17A      ",47007,14000000000,3160000000,5840000000,11320000000,23000000000,8280000000,6590000000,24690000000,CURRENT
"ZZA2      ",CRM,"W18A      ",47007,0,0,0,0,0,0,0,0,CURRENT
"ZZA3      ",CRM,"W19A      ",16032,5000000000,550000000,2625000000,2925000000,10000000000,11790000000,12130000000,9660000000,CURRENT
"ZZA9      ",CRM,"W24A      ",8000,5000000000,915000000,2060000000,3855000000,10000000000,4160000000,2340000000,11820000000,REPLENISH
"ZZBA      ",CRM,"W1BA      ",34057,5000000000,5425000000,4990000000,5435000000,10000000000,31370000000,5380000000,35990000000,REPLENISH
"ZZBE      ",CRM,"W1EE      ",47007,10000000000,240000000,1735000000,8505000000,10000000000,740000000,3000000000,7740000000,CURRENT
"ZZBF      ",CRM,"W1FF      ",47007,5000000000,1845000000,1715000000,5130000000,10000000000,7700000000,4240000000,13460000000,CURRENT
"ZZBG      ",CRM,"W1GG      ",47007,0,0,0,0,0,0,0,0,CURRENT
"ZZBH      ",CRM,"W1HH      ",47007,5000000000,550000000,230000000,5320000000,10000000000,2450000000,90000000,12360000000,CURRENT
"ZZBI      ",CRM,"W1II      ",47007,8000000000,240000000,90000000,8150000000,8000000000,570000000,10000000,8560000000,CURRENT
"ZZBL      ",CRM,"W1LL      ",20017,2000000000,425000000,730000000,1695000000,4000000000,3390000000,4090000000,3300000000,CURRENT
"ZZBM      ",CRM,"W1MM      ",29007,2000000000,19250000000,12955000000,8295000000,20000000000,22700000000,25980000000,16720000000,CURRENT
"ZZBO      ",CRM,"W1OO      ",47007,0,0,0,0,0,0,0,0,CURRENT
"ZZBP      ",CRM,"W1PP      ",32012,5000000000,360000000,1070000000,4290000000,10000000000,830000000,830000000,10000000000,REPLENISH
"ZZBQ      ",CRM,"W1QQ      ",47007,0,0,0,0,0,0,0,0,REPLENISH
"ZZBR      ",CRM,"W1RR      ",47007,16800000000,305000000,390000000,16715000000,12000000000,1460000000,1830000000,11630000000,REPLENISH
"ZZBT      ",CRM,"W1TT      ",47007,5000000000,95000000,750000000,4345000000,28000000000,5110000000,2670000000,30440000000,CURRENT
"ZZBU      ",CRM,"W1UU      ",47007,3000000000,25000000,100000000,2925000000,5000000000,230000000,20000000,5210000000,CURRENT
"ZZBV      ",CRM,"W1VV      ",47007,5000000000,170000000,20000000,5150000000,10000000000,120000000,20000000,10100000000,CURRENT
"ZZBW      ",CRM,"W1WW      ",47007,0,0,0,0,0,0,0,0,REPLENISH
"ZZBX      ",CRM,"W1XX      ",16004,5000000000,965000000,2780000000,3185000000,10000000000,12910000000,6190000000,16720000000,REPLENISH
"ZZB2      ",CRM,"W18B      ",47007,0,0,0,0,0,0,0,0,CURRENT
"ZZB3      ",CRM,"W19B      ",16017,5000000000,525000000,2140000000,3385000000,10000000000,4290000000,4050000000,10240000000,CURRENT
"ZZB4      ",CRM,"W20B      ",39041,1000000000,955000000,610000000,1345000000,2000000000,4690000000,370000000,6320000000,REPLENISH
"ZZB6      ",CRM,"W22B      ",24028,2000000000,2790000000,4375000000,415000000,4000000000,5350000000,7240000000,2110000000,REPLENISH
"ZZB7      ",CRM,"W23B      ",34030,5000000000,35000000,380000000,4655000000,5000000000,360000000,1060000000,4300000000,REPLENISH
"ZZB9      ",CRM,"W24B      ",12,3000000000,135000000,1080000000,2055000000,5000000000,450000000,370000000,5080000000,REPLENISH
"ZZCB      ",CRM,"W25B      ",47007,11500000000,2745000000,5215000000,9030000000,10000000000,3380000000,8950000000,4430000000,CURRENT
"ZZCC      ",CRM,"W25C      ",47007,15000000000,2985000000,2625000000,15360000000,15000000000,7160000000,8710000000,13450000000,CURRENT
"ZZCD      ",CRM,"W25D      ",47007,14000000000,11755000000,7180000000,18575000000,13000000000,16550000000,9760000000,19790000000,CURRENT
"ZZCE      ",CRM,"W25E      ",47007,20000000000,9810000000,6440000000,23370000000,28000000000,22310000000,6240000000,44070000000,REPLENISH
"ZZCF      ",CRM,"W25F      ",47007,14000000000,2535000000,5370000000,11165000000,24000000000,7090000000,5610000000,25480000000,CURRENT
"ZZCJ      ",CRM,"W25J      ",47007,0,0,0,0,0,0,0,0,CURRENT
"ZZCN      ",CRM,"W25N      ",39018,2000000000,940000000,1945000000,995000000,3000000000,1790000000,1980000000,2810000000,REPLENISH
"ZZCO      ",CRM,"W25O      ",39066,3000000000,1300000000,1635000000,2665000000,6000000000,5030000000,2200000000,8830000000,REPLENISH
"ZZCP      ",CRM,"W25P      ",47007,2000000000,18080000000,8195000000,11885000000,2000000000,28340000000,9800000000,20540000000,CURRENT
"ZZCW      ",CRM,"W25W      ",47007,18000000000,4025000000,14575000000,7450000000,18000000000,13060000000,13370000000,17690000000,CURRENT
"ZZC2      ",CRM,"W18C      ",47007,0,0,0,0,0,0,0,0,CURRENT
"ZZC6      ",CRM,"W22C      ",24033,2000000000,1320000000,1505000000,1815000000,4000000000,7680000000,4870000000,6810000000,REPLENISH
"ZZC9      ",CRM,"W24C      ",47007,5000000000,95000000,940000000,4155000000,10000000000,370000000,5250000000,5120000000,REPLENISH
"ZZDA      ",CRM,"W26A      ",4006,5000000000,7470000000,1395000000,11075000000,10000000000,11260000000,4750000000,16510000000,REPLENISH
"ZZDB      ",CRM,"W26B      ",44500,5000000000,7050000000,3510000000,8540000000,10000000000,34050000000,10420000000,33630000000,REPLENISH
"ZZDE      ",CRM,"W26E      ",29035,2000000000,8250000000,2365000000,7885000000,4000000000,20980000000,6020000000,18960000000,REPLENISH
"ZZDF      ",CRM,"W26F      ",24015,0,0,0,0,0,0,0,0,REPLENISH
"ZZDG      ",CRM,"W26G      ",24030,10000000000,7380000000,13245000000,4135000000,0,17320000000,8590000000,8730000000,CURRENT
"ZZDH      ",CRM,"W26H      ",24026,10000000000,610000000,5270000000,5340000000,20000000000,6110000000,5330000000,20780000000,CURRENT
"ZZDI      ",CRM,"W26I      ",24008,2000000000,13610000000,2540000000,13070000000,2000000000,23560000000,4510000000,21050000000,REPLENISH
"ZZDM      ",CRM,"W26M      ",24000,500000000,11215000000,2105000000,9610000000,1000000000,19100000000,2040000000,18060000000,REPLENISH
"ZZDP      ",CRM,"W26P      ",29005,2000000000,1705000000,945000000,2760000000,4000000000,5650000000,2980000000,6670000000,CURRENT
"ZZD2      ",CRM,"W18D      ",47007,13000000000,2380000000,2610000000,12770000000,28000000000,4050000000,2060000000,29990000000,CURRENT
"ZZD3      ",CRM,"W19D      ",20024,1000000000,7890000000,2570000000,6320000000,2000000000,18640000000,8590000000,12050000000,REPLENISH
"ZZD4      ",CRM,"W20D      ",39000,5000000000,3100000000,2650000000,5450000000,10000000000,6600000000,5180000000,11420000000,REPLENISH
"ZZD9      ",CRM,"W24D      ",47007,5000000000,455000000,835000000,4620000000,10000000000,860000000,4360000000,6500000000,CURRENT
"ZZEA      ",CRM,"W27A      ",44010,1000000000,21880000000,2675000000,20205000000,2000000000,41170000000,4340000000,38830000000,REPLENISH
"ZZEB      ",CRM,"W27B      ",34000,2000000000,4105000000,1675000000,4430000000,4000000000,14700000000,7020000000,11680000000,REPLENISH
"ZZEC      ",CRM,"W27C      ",43500,5000000000,105000000,1140000000,3965000000,10000000000,2510000000,2090000000,10420000000,REPLENISH
"ZZEE      ",CRM,"W27E      ",27524,5000000000,375000000,945000000,4430000000,10000000000,3400000000,3560000000,9840000000,REPLENISH
"ZZEH      ",CRM,"W27H      ",29000,2000000000,500000000,160000000,2340000000,4000000000,2680000000,520000000,6160000000,REPLENISH
"ZZEI      ",CRM,"W27I      ",31500,2000000000,285000000,245000000,2040000000,4000000000,2470000000,900000000,5570000000,REPLENISH
"ZZEK      ",CRM,"W33Q      ",47007,0,0,0,0,0,0,0,0,CURRENT
"ZZEM      ",CRM,"W27M      ",34027,5000000000,5410000000,3785000000,6625000000,5000000000,21300000000,6260000000,20040000000,REPLENISH
"ZZEN      ",CRM,"W27N      ",29000,2000000000,305000000,665000000,1640000000,4000000000,1260000000,2900000000,2360000000,REPLENISH
"ZZER      ",CRM,"W27R      ",39042,2000000000,690000000,645000000,2045000000,8000000000,5300000000,210000000,13090000000,REPLENISH
"ZZET      ",CRM,"W27T      ",8051,5000000000,405000000,1650000000,3755000000,5000000000,4300000000,6070000000,3230000000,REPLENISH
"ZZEV      ",CRM,"W29V      ",39069,5000000000,3305000000,3555000000,4750000000,8000000000,16740000000,17190000000,7550000000,REPLENISH
"ZZEX      ",CRM,"W29X      ",34011,2000000000,1545000000,1480000000,2065000000,4000000000,8330000000,6550000000,5780000000,CURRENT
"ZZEZ      ",CRM,"W29Z      ",42000,3000000000,2695000000,4450000000,1245000000,2000000000,18040000000,8670000000,11370000000,REPLENISH
"ZZE4      ",CRM,"W20E      ",39061,4000000000,840000000,620000000,4220000000,6000000000,10800000000,4590000000,12210000000,REPLENISH
"ZZE9      ",CRM,"W24E      ",47007,5000000000,155000000,585000000,4570000000,10000000000,1440000000,3790000000,7650000000,CURRENT
"ZZFA      ",CRM,"W29A      ",34053,5000000000,4305000000,6645000000,2660000000,10000000000,19480000000,7800000000,21680000000,REPLENISH
"ZZFD      ",CRM,"W29D      ",27510,2000000000,9045000000,5555000000,5490000000,4000000000,36080000000,13030000000,27050000000,REPLENISH
"ZZFE      ",CRM,"W29E      ",31002,2000000000,1510000000,1770000000,1740000000,4000000000,2270000000,3330000000,2940000000,REPLENISH
"ZZFF      ",CRM,"W29F      ",31004,3000000000,455000000,1630000000,1825000000,6000000000,9110000000,3460000000,11650000000,CURRENT
"ZZFH      ",CRM,"W29H      ",39051,1500000000,5030000000,1340000000,5190000000,4000000000,14300000000,4630000000,13670000000,REPLENISH
"ZZFI      ",CRM,"W29I      ",43000,5000000000,5710000000,7550000000,3160000000,10000000000,18060000000,12490000000,15570000000,CURRENT
"ZZFK      ",CRM,"W29K      ",31012,1000000000,11705000000,2760000000,9945000000,2000000000,28310000000,5100000000,25210000000,CURRENT
"ZZFL      ",CRM,"W29L      ",30,2000000000,840000000,2375000000,465000000,4000000000,6660000000,3440000000,7220000000,REPLENISH
"ZZFM      ",CRM,"W29M      ",39016,3000000000,85000000,1145000000,1940000000,4000000000,1520000000,1170000000,4350000000,REPLENISH
"ZZFN      ",CRM,"W34E      ",47007,14000000000,600000000,5705000000,8895000000,25000000000,4910000000,14220000000,15690000000,CURRENT
"ZZFP      ",CRM,"W29P      ",27006,2500000000,440000000,1650000000,1290000000,14000000000,2310000000,5800000000,10510000000,CURRENT
"ZZFS      ",CRM,"W29S      ",29031,10000000000,2355000000,5900000000,6455000000,20000000000,2900000000,5210000000,17690000000,CURRENT
"ZZFT      ",CRM,"W29T      ",43505,5000000000,1500000000,2515000000,3985000000,5000000000,14210000000,4240000000,14970000000,REPLENISH
"ZZFW      ",CRM,"W27W      ",34047,5000000000,6660000000,2360000000,9300000000,10000000000,23590000000,7340000000,26250000000,REPLENISH
"ZZFX      ",CRM,"W27X      ",27514,2000000000,3930000000,2660000000,3270000000,4000000000,14940000000,5520000000,13420000000,REPLENISH
"ZZFZ      ",CRM,"W27Z      ",37,5000000000,565000000,1470000000,4095000000,10000000000,3150000000,5430000000,7720000000,CURRENT
"ZZF0      ",CRM,"W16F      ",47007,0,0,0,0,0,0,0,0,CURRENT
"ZZF1      ",CRM,"W17F      ",47007,0,0,0,0,0,0,0,0,CURRENT
"ZZF7      ",CRM,"W23F      ",27527,2000000000,960000000,1220000000,1740000000,4000000000,53530000000,3510000000,54020000000,REPLENISH
"ZZF9      ",CRM,"W24F      ",47007,5000000000,190000000,625000000,4565000000,10000000000,360000000,950000000,9410000000,CURRENT
"ZZGC      ",CRM,"W28C      ",34006,5000000000,1735000000,3600000000,3135000000,5000000000,7200000000,4250000000,7950000000,REPLENISH
"ZZGE      ",CRM,"W28E      ",23035,0,0,0,0,0,0,0,0,CURRENT
"ZZGF      ",CRM,"W28F      ",12006,2000000000,7085000000,6270000000,2815000000,4000000000,26150000000,13210000000,16940000000,REPLENISH
"ZZGG      ",CRM,"W28G      ",31007,1000000000,1195000000,1720000000,475000000,2000000000,11810000000,7750000000,6060000000,REPLENISH
"ZZGH      ",CRM,"W28H      ",8016,5000000000,1105000000,1590000000,4515000000,5000000000,5350000000,2930000000,7420000000,CURRENT
"ZZGI      ",CRM,"W28I      ",27501,5000000000,5790000000,2220000000,8570000000,10000000000,20070000000,14680000000,15390000000,REPLENISH
"ZZGJ      ",CRM,"W28J      ",8024,3000000000,1065000000,3720000000,345000000,2000000000,4470000000,2350000000,4120000000,REPLENISH
"ZZGK      ",CRM,"W28K      ",28500,5000000000,1495000000,1230000000,5265000000,10000000000,4470000000,1020000000,13450000000,REPLENISH
"ZZGM      ",CRM,"W28M      ",39031,2000000000,3040000000,1010000000,4030000000,4000000000,14230000000,1330000000,16900000000,REPLENISH
"ZZGN      ",CRM,"W28N      ",34063,2000000000,6850000000,1455000000,7395000000,4000000000,16600000000,4480000000,16120000000,REPLENISH
"ZZGO      ",CRM,"W28O      ",44000,5000000000,130000000,1635000000,3495000000,10000000000,870000000,3680000000,7190000000,REPLENISH
"ZZGP      ",CRM,"W28P      ",27515,2000000000,705000000,1415000000,1290000000,4000000000,4520000000,7090000000,1430000000,CURRENT
"ZZGQ      ",CRM,"W28Q      ",27520,2000000000,7295000000,1425000000,7870000000,4000000000,26840000000,3390000000,27450000000,CURRENT
"ZZGR      ",CRM,"W28R      ",45501,2000000000,1210000000,1075000000,2135000000,4000000000,6580000000,9080000000,1500000000,CURRENT
"ZZGS      ",CRM,"W28S      ",27000,2000000000,550000000,760000000,1790000000,4000000000,3370000000,2430000000,4940000000,REPLENISH
"ZZGT      ",CRM,"W30T      ",39078,1500000000,9145000000,4260000000,6385000000,3000000000,28640000000,17570000000,14070000000,REPLENISH
"ZZGV      ",CRM,"W30V      ",32008,5000000000,2605000000,2785000000,4820000000,10000000000,4980000000,6850000000,8130000000,REPLENISH
"ZZGW      ",CRM,"W30W      ",34070,2000000000,5740000000,2405000000,5335000000,4000000000,23210000000,5550000000,21660000000,REPLENISH
"ZZGX      ",CRM,"W30X      ",39035,5000000000,2250000000,4390000000,2860000000,2000000000,18610000000,4280000000,16330000000,REPLENISH
"ZZGZ      ",CRM,"W28Z      ",31013,2000000000,4325000000,3210000000,3115000000,4000000000,16800000000,11520000000,9280000000,REPLENISH
"ZZG0      ",CRM,"W16G      ",47007,0,0,0,0,0,0,0,0,REPLENISH
"ZZG4      ",CRM,"W20G      ",32000,2000000000,3330000000,1480000000,3850000000,4000000000,16420000000,4600000000,15820000000,REPLENISH
"ZZG5      ",CRM,"W21G      ",47007,4000000000,4210000000,3225000000,4985000000,8000000000,9970000000,3470000000,14500000000,CURRENT
"ZZG6      ",CRM,"W22G      ",24016,2000000000,1885000000,1905000000,1980000000,4000000000,4120000000,6000000000,2120000000,REPLENISH
"ZZG7      ",CRM,"W23G      ",47007,8000000000,10000000,705000000,7305000000,8000000000,60000000,1970000000,6090000000,CURRENT
"ZZG9      ",CRM,"W24G      ",47007,5000000000,35000000,120000000,4915000000,10000000000,240000000,10000000,10230000000,CURRENT
"ZZHC      ",CRM,"W30C      ",31001,1000000000,2310000000,585000000,2725000000,2000000000,21350000000,4410000000,18940000000,CURRENT
"ZZHD      ",CRM,"W30D      ",27519,2000000000,8660000000,1500000000,9160000000,4000000000,23610000000,2820000000,24790000000,REPLENISH
"ZZHE      ",CRM,"W30E      ",39000,5000000000,330000000,3040000000,2290000000,10000000000,7620000000,5070000000,12550000000,REPLENISH
"ZZHF      ",CRM,"W30F      ",37009,5000000000,1670000000,1930000000,4740000000,10000000000,16450000000,19100000000,7350000000,REPLENISH
"ZZHH      ",CRM,"W30H      ",34070,4000000000,6350000000,4670000000,5680000000,2000000000,15380000000,3310000000,14070000000,REPLENISH
"ZZHO      ",CRM,"W30O      ",32000,2000000000,2630000000,765000000,3865000000,4000000000,10800000000,11420000000,3380000000,CURRENT
"ZZHP      ",CRM,"W30P      ",45502,2000000000,7790000000,1935000000,7855000000,4000000000,11330000000,5350000000,9980000000,REPLENISH
"ZZHR      ",CRM,"W30R      ",32008,5000000000,2470000000,2955000000,4515000000,10000000000,8050000000,5810000000,12240000000,REPLENISH
"ZZHU      ",CRM,"W28U      ",47007,0,0,0,0,0,0,0,0,CURRENT
"ZZHY      ",CRM,"W30Y      ",39086,5000000000,30000000,670000000,4360000000,5000000000,2720000000,1570000000,6150000000,REPLENISH
"ZZH1      ",CRM,"W17H      ",47007,0,0,0,0,0,0,0,0,CURRENT
"ZZH3      ",CRM,"W19H      ",23013,2000000000,3245000000,2275000000,2970000000,4000000000,11880000000,2560000000,13320000000,CURRENT
"ZZH4      ",CRM,"W20H      ",32012,5000000000,2515000000,3710000000,3805000000,10000000000,12270000000,5380000000,16890000000,REPLENISH
"ZZH6      ",CRM,"W22H      ",24014,2000000000,70000000,425000000,1645000000,4000000000,4370000000,380000000,7990000000,REPLENISH
"ZZH9      ",CRM,"W24H      ",47007,5000000000,35000000,35000000,5000000000,10000000000,90000000,20000000,10070000000,CURRENT
"ZZIB      ",CRM,"W31B      ",24049,2000000000,3810000000,3310000000,2500000000,4000000000,10050000000,10380000000,3670000000,REPLENISH
"ZZID      ",CRM,"W32D      ",47007,0,0,0,0,0,0,0,0,CURRENT
"ZZIG      ",CRM,"W32G      ",4016,2000000000,670000000,455000000,2215000000,4000000000,5630000000,2950000000,6680000000,REPLENISH
"ZZIH      ",CRM,"W32H      ",40,2000000000,170000000,700000000,1470000000,8000000000,2500000000,1100000000,9400000000,REPLENISH
"ZZIJ      ",CRM,"W32J      ",47007,1500000000,765000000,1320000000,945000000,28000000000,8060000000,2220000000,33840000000,REPLENISH
"ZZIK      ",CRM,"W32K      ",40,0,0,0,0,0,0,0,0,CURRENT
"ZZIM      ",CRM,"W32M      ",39057,3000000000,2410000000,4760000000,650000000,6000000000,20650000000,10920000000,15730000000,REPLENISH
"ZZIN      ",CRM,"W32N      ",39057,3000000000,875000000,1830000000,2045000000,6000000000,8730000000,8190000000,6540000000,REPLENISH
"ZZIO      ",CRM,"W32O      ",47007,0,0,0,0,0,0,0,0,REPLENISH
"ZZIS      ",CRM,"W32S      ",7,5000000000,185000000,1725000000,3460000000,5000000000,1340000000,2350000000,3990000000,CURRENT
"ZZIU      ",CRM,"W32U      ",47007,14000000000,2715000000,255000000,16460000000,14000000000,9080000000,1450000000,21630000000,CURRENT
"ZZIW      ",CRM,"W32W      ",47007,2000000000,435000000,200000000,2235000000,28000000000,3650000000,820000000,30830000000,CURRENT
"ZZIX      ",CRM,"W32X      ",47007,5000000000,2635000000,995000000,6640000000,10000000000,8670000000,1330000000,17340000000,CURRENT
"ZZI2      ",CRM,"W18I      ",47007,14000000000,495000000,3060000000,11435000000,9000000000,4300000000,2530000000,10770000000,CURRENT
"ZZI3      ",CRM,"W19I      ",23040,5000000000,4505000000,2240000000,7265000000,2000000000,6390000000,6410000000,1980000000,CURRENT
"ZZI4      ",CRM,"W20I      ",34073,5000000000,1390000000,2460000000,3930000000,10000000000,5810000000,5700000000,10110000000,REPLENISH
"ZZI6      ",CRM,"W22I      ",58,5000000000,295000000,1935000000,3360000000,10000000000,3870000000,990000000,12880000000,CURRENT
"ZZI9      ",CRM,"W24I      ",47007,5000000000,70000000,150000000,4920000000,10000000000,210000000,180000000,10030000000,CURRENT
"ZZJB      ",CRM,"W33B      ",47007,0,0,0,0,0,0,0,0,CURRENT
"ZZJC      ",CRM,"W33C      ",47007,10500000000,170000000,1190000000,9480000000,28000000000,3180000000,2840000000,28340000000,REPLENISH
"ZZJF      ",CRM,"W33F      ",47007,5000000000,175000000,695000000,4480000000,10000000000,2190000000,2870000000,9320000000,CURRENT
"ZZJG      ",CRM,"W33G      ",47007,14000000000,120000000,345000000,13775000000,25000000000,1710000000,14360000000,12350000000,CURRENT
"ZZJL      ",CRM,"W33L      ",20041,0,0,0,0,0,0,0,0,REPLENISH
"ZZJM      ",CRM,"W33M      ",8053,2000000000,160000000,1545000000,615000000,13000000000,1330000000,1020000000,13310000000,CURRENT
"ZZJ4      ",CRM,"W20J      ",34070,0,0,0,0,0,0,0,0,REPLENISH
"ZZJ9      ",CRM,"W24J      ",47007,5000000000,50000000,140000000,4910000000,10000000000,370000000,270000000,10100000000,CURRENT
"ZZKA      ",CRM,"W35A      ",29014,2000000000,9170000000,2605000000,8565000000,3000000000,21510000000,13460000000,11050000000,CURRENT
"ZZKE      ",CRM,"W35E      ",39013,5000000000,1065000000,810000000,5255000000,10000000000,12150000000,2620000000,19530000000,REPLENISH
"ZZKF      ",CRM,"W35F      ",34026,5000000000,300000000,675000000,4625000000,10000000000,3620000000,2670000000,10950000000,REPLENISH
"ZZKG      ",CRM,"W35G      ",47007,0,0,0,0,0,0,0,0,CURRENT
"ZZKH      ",CRM,"W35H      ",39026,1000000000,7920000000,2160000000,6760000000,2000000000,25150000000,5560000000,21590000000,REPLENISH
"ZZKI      ",CRM,"W35I      ",30002,0,0,0,0,0,0,0,0,CURRENT
"ZZKJ      ",CRM,"W35J      ",29026,4000000000,8675000000,5985000000,6690000000,6000000000,51310000000,19580000000,37730000000,REPLENISH
"ZZKK      ",CRM,"W35K      ",34010,2000000000,2015000000,960000000,3055000000,4000000000,6390000000,4970000000,5420000000,REPLENISH
"ZZKM      ",CRM,"W35M      ",27523,2000000000,8715000000,3670000000,7045000000,6000000000,27240000000,12960000000,20280000000,CURRENT
"ZZKN      ",CRM,"W35N      ",39056,2000000000,765000000,2260000000,505000000,4000000000,2780000000,4950000000,1830000000,REPLENISH
"ZZKO      ",CRM,"W35O      ",20038,2000000000,15610000000,1290000000,16320000000,4000000000,21960000000,13070000000,12890000000,REPLENISH
"ZZKP      ",CRM,"W35P      ",16033,4000000000,365000000,1475000000,2890000000,4000000000,1190000000,2140000000,3050000000,CURRENT
"ZZKQ      ",CRM,"W35Q      ",8008,5000000000,525000000,2415000000,3110000000,10000000000,6050000000,8140000000,7910000000,REPLENISH
"ZZKR      ",CRM,"W35R      ",39011,2000000000,4240000000,2045000000,4195000000,4000000000,17370000000,10040000000,11330000000,CURRENT
"ZZKS      ",CRM,"W35S      ",30500,1000000000,7665000000,430000000,8235000000,2000000000,23620000000,2820000000,22800000000,REPLENISH
"ZZKT      ",CRM,"W35T      ",39053,2000000000,1785000000,1210000000,2575000000,4000000000,9620000000,1350000000,12270000000,REPLENISH
"ZZKU      ",CRM,"W35U      ",8037,2000000000,250000000,475000000,1775000000,4000000000,2360000000,1040000000,5320000000,REPLENISH
"ZZKV      ",CRM,"W35V      ",8027,2000000000,155000000,1315000000,840000000,3000000000,5200000000,2880000000,5320000000,REPLENISH
"ZZKW      ",CRM,"W35W      ",37000,5000000000,1105000000,3890000000,2215000000,10000000000,16870000000,19620000000,7250000000,REPLENISH
"ZZKX      ",CRM,"W35X      ",34041,2500000000,1290000000,1790000000,2000000000,5000000000,3010000000,2200000000,5810000000,REPLENISH
"ZZKY      ",CRM,"W35Y      ",27513,2000000000,1665000000,1120000000,2545000000,4000000000,3170000000,3170000000,4000000000,REPLENISH
"ZZKZ      ",CRM,"W35Z      ",39050,5000000000,2180000000,3140000000,4040000000,10000000000,7310000000,12240000000,5070000000,REPLENISH
"ZZK2      ",CRM,"W18K      ",47007,14000000000,1030000000,7290000000,7740000000,17000000000,4180000000,10440000000,10740000000,CURRENT
"ZZK3      ",CRM,"W19K      ",4019,10000000000,1450000000,6890000000,4560000000,2000000000,15390000000,5860000000,11530000000,REPLENISH
"ZZK4      ",CRM,"W20K      ",34023,2500000000,1660000000,995000000,3165000000,5000000000,7730000000,2480000000,10250000000,REPLENISH
"ZZK8      ",CRM,"W23K      ",47007,0,0,0,0,0,0,0,0,CURRENT
"ZZK9      ",CRM,"W24K      ",47007,0,0,0,0,0,0,0,0,CURRENT
"ZZLA      ",CRM,"W36A      ",29017,2000000000,2335000000,2575000000,1760000000,2000000000,12000000000,6610000000,7390000000,CURRENT
"ZZLB      ",CRM,"W36B      ",34019,2000000000,5580000000,2175000000,5405000000,2000000000,15750000000,5300000000,12450000000,REPLENISH
"ZZLC      ",CRM,"W36C      ",34037,5000000000,2455000000,1505000000,5950000000,10000000000,10650000000,7270000000,13380000000,REPLENISH
"ZZLD      ",CRM,"W36D      ",39049,0,0,0,0,0,0,0,0,CURRENT
"ZZLE      ",CRM,"W36E      ",27520,2000000000,1690000000,1020000000,2670000000,4000000000,5760000000,4690000000,5070000000,CURRENT
"ZZLF      ",CRM,"W36F      ",39018,2000000000,145000000,1295000000,850000000,3000000000,1840000000,690000000,4150000000,REPLENISH
"ZZLI      ",CRM,"W36I      ",28500,5000000000,5635000000,2095000000,8540000000,10000000000,15930000000,1640000000,24290000000,REPLENISH
"ZZLJ      ",CRM,"W36J      ",31501,2000000000,2675000000,2735000000,1940000000,4000000000,7940000000,3630000000,8310000000,REPLENISH
"ZZLK      ",CRM,"W36K      ",42004,2000000000,2885000000,1050000000,3835000000,4000000000,12130000000,3420000000,12710000000,CURRENT
"ZZLM      ",CRM,"W36M      ",39047,3000000000,1320000000,1305000000,3015000000,6000000000,8130000000,4400000000,9730000000,CURRENT
"ZZLN      ",CRM,"W36N      ",37005,5000000000,2025000000,4465000000,2560000000,10000000000,16940000000,9240000000,17700000000,REPLENISH
"ZZLO      ",CRM,"W36O      ",47007,14000000000,725000000,3090000000,11635000000,27000000000,3670000000,15670000000,15000000000,CURRENT
"ZZLP      ",CRM,"W36P      ",47007,0,0,0,0,0,0,0,0,REPLENISH
"ZZLQ      ",CRM,"W36Q      ",47007,0,0,0,0,0,0,0,0,CURRENT
"ZZLR      ",CRM,"W36R      ",31501,2000000000,970000000,765000000,2205000000,4000000000,5380000000,670000000,8710000000,REPLENISH
"ZZLS      ",CRM,"W36S      ",47007,10000000000,6710000000,8150000000,8560000000,20000000000,3670000000,14440000000,9230000000,REPLENISH
"ZZLT      ",CRM,"W36T      ",47007,5000000000,90000000,1305000000,3785000000,10000000000,1740000000,5190000000,6550000000,REPLENISH
"ZZL2      ",CRM,"W18L      ",47007,10500000000,280000000,4700000000,6080000000,28000000000,4210000000,4900000000,27310000000,CURRENT
"ZZL3      ",CRM,"W19L      ",12016,10000000000,645000000,5115000000,5530000000,10000000000,1520000000,6850000000,4670000000,REPLENISH
"ZZL5      ",CRM,"W21L      ",20022,1000000000,385000000,950000000,435000000,2000000000,2660000000,3870000000,790000000,REPLENISH
"ZZL8      ",CRM,"W23L      ",47007,15000000000,395000000,865000000,14530000000,20000000000,700000000,860000000,19840000000,CURRENT
"ZZMC      ",CRM,"W37C      ",47007,5000000000,2865000000,2820000000,5045000000,10000000000,12710000000,6950000000,15760000000,CURRENT
"ZZMD      ",CRM,"W37D      ",47007,5000000000,2265000000,3345000000,3920000000,10000000000,4420000000,4930000000,9490000000,CURRENT
"ZZME      ",CRM,"W37E      ",47007,0,0,0,0,0,0,0,0,CURRENT
"ZZMK      ",CRM,"W37K      ",30001,4000000000,10940000000,1600000000,13340000000,4000000000,26220000000,4950000000,25270000000,REPLENISH
"ZZML      ",CRM,"W37L      ",8032,2000000000,415000000,135000000,2280000000,1000000000,1780000000,1110000000,1670000000,CURRENT
"ZZMM      ",CRM,"W37M      ",37004,5000000000,1210000000,1365000000,4845000000,10000000000,15220000000,12830000000,12390000000,REPLENISH
"ZZMO      ",CRM,"W37O      ",39037,5000000000,830000000,1695000000,4135000000,10000000000,21400000000,10270000000,21130000000,REPLENISH
"ZZMP      ",CRM,"W37P      ",31011,3000000000,2580000000,1010000000,4570000000,6000000000,2960000000,3460000000,5500000000,REPLENISH
"ZZMT      ",CRM,"W37T      ",34019,2000000000,2675000000,1105000000,3570000000,2000000000,8840000000,4250000000,6590000000,REPLENISH
"ZZMU      ",CRM,"W37U      ",39055,2500000000,17760000000,10990000000,9270000000,5000000000,43410000000,10720000000,37690000000,REPLENISH
"ZZMY      ",CRM,"W37Y      ",23047,5000000000,540000000,1130000000,4410000000,10000000000,1750000000,2120000000,9630000000,REPLENISH
"ZZM0      ",CRM,"W16M      ",47007,17000000000,1120000000,6345000000,11775000000,28000000000,3630000000,8120000000,23510000000,CURRENT
"ZZM3      ",CRM,"W19M      ",23030,5000000000,705000000,3450000000,2255000000,0,4220000000,1560000000,2660000000,REPLENISH
"ZZM4      ",CRM,"W20M      ",34076,5000000000,1020000000,4040000000,1980000000,10000000000,7450000000,8080000000,9370000000,REPLENISH
"ZZM5      ",CRM,"W21M      ",47007,4500000000,1220000000,2015000000,3705000000,28000000000,23480000000,4790000000,46690000000,CURRENT
"ZZND      ",CRM,"W38D      ",47007,11500000000,90000000,1880000000,9710000000,28000000000,2190000000,3800000000,26390000000,CURRENT
"ZZNH      ",CRM,"W38H      ",47007,0,0,0,0,0,0,0,0,CURRENT
"ZZNI      ",CRM,"W38I      ",39022,2000000000,3095000000,1465000000,3630000000,4000000000,8860000000,2760000000,10100000000,REPLENISH
"ZZNK      ",CRM,"W38K      ",16022,5000000000,315000000,945000000,4370000000,10000000000,1540000000,4410000000,7130000000,CURRENT
"ZZNL      ",CRM,"W38L      ",47007,20000000000,540000000,2135000000,18405000000,28000000000,790000000,6230000000,22560000000,CURRENT
"ZZNM      ",CRM,"W38M      ",47007,10000000000,7525000000,3255000000,14270000000,10000000000,19120000000,16530000000,12590000000,REPLENISH
"ZZNO      ",CRM,"W38O      ",47007,6500000000,485000000,1635000000,5350000000,28000000000,460000000,1160000000,27300000000,CURRENT
"ZZNT      ",CRM,"W38T      ",14,5000000000,755000000,3715000000,2040000000,10000000000,2760000000,6090000000,6670000000,REPLENISH
"ZZNW      ",CRM,"W38W      ",13,5000000000,5000000,805000000,4200000000,10000000000,1940000000,2280000000,9660000000,REPLENISH
"ZZNX      ",CRM,"W38X      ",16030,0,0,0,0,0,0,0,0,CURRENT
"ZZNY      ",CRM,"W38Y      ",16002,2000000000,25000000,240000000,1785000000,4000000000,1440000000,400000000,5040000000,CURRENT
"ZZNZ      ",CRM,"W38Z      ",4021,2000000000,405000000,445000000,1960000000,4000000000,2300000000,1010000000,5290000000,CURRENT
"ZZN3      ",CRM,"W19N      ",23025,1000000000,5940000000,4070000000,2870000000,2000000000,18840000000,6330000000,14510000000,CURRENT
"ZZN4      ",CRM,"W20N      ",24050,4000000000,3905000000,4765000000,3140000000,6000000000,9120000000,4190000000,10930000000,REPLENISH
"ZZN5      ",CRM,"W21N      ",24014,2000000000,80000000,530000000,1550000000,4000000000,5170000000,50000000,9120000000,REPLENISH
"ZZN8      ",CRM,"W23N      ",47007,5000000000,3675000000,2480000000,6195000000,10000000000,12110000000,3490000000,18620000000,REPLENISH
"ZZOB      ",CRM,"W39B      ",8005,5000000000,50000000,625000000,4425000000,5000000000,4750000000,920000000,8830000000,CURRENT
"ZZOC      ",CRM,"W39C      ",9,2000000000,325000000,715000000,1610000000,2000000000,1310000000,280000000,3030000000,CURRENT
"ZZOD      ",CRM,"W39D      ",23012,1000000000,1130000000,1240000000,890000000,2000000000,20460000000,3510000000,18950000000,REPLENISH
"ZZOE      ",CRM,"W39E      ",33,0,0,0,0,0,0,0,0,REPLENISH
"ZZOF      ",CRM,"W39F      ",12007,4000000000,45000000,355000000,3690000000,6000000000,270000000,820000000,5450000000,REPLENISH
"ZZOJ      ",CRM,"W39J      ",16009,4000000000,105000000,260000000,3845000000,6000000000,1420000000,3230000000,4190000000,CURRENT
"ZZOL      ",CRM,"W39L      ",8018,2000000000,90000000,535000000,1555000000,3000000000,19460000000,220000000,22240000000,CURRENT
"ZZON      ",CRM,"W39N      ",4008,5000000000,3370000000,2025000000,6345000000,10000000000,9880000000,5570000000,14310000000,REPLENISH
"ZZOO      ",CRM,"W39O      ",4000,5000000000,0,60000000,4940000000,10000000000,0,3000000000,7000000000,REPLENISH
"ZZOP      ",CRM,"W39P      ",23039,5000000000,2390000000,2810000000,4580000000,10000000000,14570000000,3220000000,21350000000,REPLENISH
"ZZOQ      ",CRM,"W39Q      ",20013,2000000000,1495000000,0,3495000000,2000000000,15830000000,1190000000,16640000000,REPLENISH
"ZZOU      ",CRM,"W39U      ",4004,2000000000,570000000,1740000000,830000000,4000000000,4670000000,1700000000,6970000000,CURRENT
"ZZOW      ",CRM,"W39W      ",34026,5000000000,590000000,3725000000,1865000000,10000000000,7180000000,9620000000,7560000000,REPLENISH
"ZZOX      ",CRM,"W39X      ",16010,5000000000,3350000000,3740000000,4610000000,10000000000,14140000000,3780000000,20360000000,REPLENISH
"ZZOZ      ",CRM,"W39Z      ",4012,10000000000,1760000000,6130000000,5630000000,10000000000,11680000000,6140000000,15540000000,REPLENISH
"ZZO1      ",CRM,"W17O      ",47007,0,0,0,0,0,0,0,0,CURRENT
"ZZO2      ",CRM,"W18O      ",47007,14000000000,2320000000,4015000000,12305000000,28000000000,8260000000,8350000000,27910000000,CURRENT
"ZZO3      ",CRM,"W19O      ",23020,0,5015000000,2035000000,2980000000,1000000000,13250000000,3980000000,10270000000,REPLENISH
"ZZO4      ",CRM,"W20O      ",24011,2000000000,10370000000,1780000000,10590000000,4000000000,31070000000,8600000000,26470000000,REPLENISH
"ZZO8      ",CRM,"W23O      ",47007,4000000000,470000000,4050000000,420000000,8000000000,2070000000,5370000000,4700000000,REPLENISH
"ZZO9      ",CRM,"W24O      ",47007,0,0,0,0,0,0,0,0,CURRENT
"ZZPC      ",CRM,"W40C      ",2,0,0,0,0,0,0,0,0,CURRENT
"ZZPE      ",CRM,"W40E      ",39067,2000000000,260000000,1660000000,600000000,6000000000,2960000000,3360000000,5600000000,CURRENT
"ZZPJ      ",CRM,"W40J      ",37000,5000000000,4445000000,6065000000,3380000000,10000000000,41530000000,22830000000,28700000000,REPLENISH
"ZZPL      ",CRM,"W40L      ",37007,5000000000,1930000000,1165000000,5765000000,5000000000,23000000000,5540000000,22460000000,REPLENISH
"ZZPM      ",CRM,"W40M      ",30000,1000000000,24575000000,7575000000,18000000000,2000000000,50870000000,10680000000,42190000000,REPLENISH
"ZZPN      ",CRM,"W40N      ",34063,5000000000,10690000000,11205000000,4485000000,10000000000,35020000000,23370000000,21650000000,REPLENISH
"ZZPO      ",CRM,"W40O      ",47007,0,0,0,0,0,0,0,0,CURRENT
"ZZPQ      ",CRM,"W40Q      ",4022,10000000000,4245000000,10080000000,4165000000,10000000000,6410000000,7850000000,8560000000,REPLENISH
"ZZPR      ",CRM,"W40R      ",23014,2000000000,1445000000,2325000000,1120000000,4000000000,8990000000,4060000000,8930000000,REPLENISH
"ZZPU      ",CRM,"W40U      ",12009,5000000000,2100000000,2510000000,4590000000,5000000000,2700000000,3410000000,4290000000,REPLENISH
"ZZPW      ",CRM,"W40W      ",16,3000000000,375000000,1500000000,1875000000,10000000000,990000000,1220000000,9770000000,REPLENISH
"ZZPX      ",CRM,"W40X      ",20012,2000000000,1205000000,2390000000,815000000,6000000000,16770000000,6640000000,16130000000,REPLENISH
"ZZPZ      ",CRM,"W40Z      ",6,3000000000,115000000,1430000000,1685000000,3000000000,12660000000,1650000000,14010000000,REPLENISH
"ZZP2      ",CRM,"W18P      ",47007,0,0,0,0,0,0,0,0,CURRENT
"ZZP3      ",CRM,"W19P      ",29019,5000000000,600000000,1775000000,3825000000,10000000000,5850000000,13580000000,2270000000,REPLENISH
"ZZP4      ",CRM,"W20P      ",24027,5000000000,1510000000,2390000000,4120000000,10000000000,9870000000,13510000000,6360000000,REPLENISH
"ZZQA      ",CRM,"W41A      ",23041,5000000000,520000000,1365000000,4155000000,5000000000,6160000000,1900000000,9260000000,REPLENISH
"ZZQC      ",CRM,"W41C      ",20029,5000000000,230000000,520000000,4710000000,10000000000,820000000,810000000,10010000000,CURRENT
"ZZQD      ",CRM,"W41D      ",44007,1000000000,3290000000,2310000000,1980000000,3000000000,6300000000,4560000000,4740000000,REPLENISH
"ZZQG      ",CRM,"W41G      ",24035,2000000000,5210000000,5255000000,1955000000,10000000000,3640000000,8320000000,5320000000,REPLENISH
"ZZQH      ",CRM,"W41H      ",24032,5000000000,445000000,3110000000,2335000000,3000000000,7970000000,3190000000,7780000000,REPLENISH
"ZZQI      ",CRM,"W41I      ",16034,5000000000,580000000,3265000000,2315000000,10000000000,2770000000,3750000000,9020000000,REPLENISH
"ZZQJ      ",CRM,"W41J      ",21,5000000000,1605000000,6135000000,470000000,5000000000,12870000000,9830000000,8040000000,REPLENISH
"ZZQK      ",CRM,"W41K      ",39005,1000000000,2615000000,3255000000,360000000,2000000000,8910000000,8750000000,2160000000,REPLENISH
"ZZQP      ",CRM,"W41P      ",29011,2000000000,8405000000,4840000000,5565000000,8000000000,5610000000,12360000000,1250000000,REPLENISH
"ZZQT      ",CRM,"W41T      ",52,0,0,0,0,0,0,0,0,CURRENT
"ZZQV      ",CRM,"W41V      ",47007,4000000000,4985000000,5760000000,3225000000,7000000000,25010000000,12100000000,19910000000,CURRENT
"ZZQW      ",CRM,"W41W      ",47007,20000000000,2375000000,6870000000,15505000000,28000000000,7140000000,10220000000,24920000000,CURRENT
"ZZQY      ",CRM,"W41Y      ",37003,5000000000,95000000,1790000000,3305000000,15000000000,4740000000,10590000000,9150000000,REPLENISH
"ZZQ3      ",CRM,"W19Q      ",27512,5000000000,3445000000,1585000000,6860000000,5000000000,7630000000,7360000000,5270000000,REPLENISH
"ZZQ4      ",CRM,"W20Q      ",24045,2000000000,5760000000,3260000000,4500000000,4000000000,16030000000,5870000000,14160000000,REPLENISH
"ZZQ5      ",CRM,"W21Q      ",4009,2000000000,1880000000,1270000000,2610000000,4000000000,10600000000,13330000000,1270000000,REPLENISH
"ZZQ8      ",CRM,"W23Q      ",43,2000000000,1905000000,1835000000,2070000000,4000000000,5490000000,6460000000,3030000000,REPLENISH
"ZZRA      ",CRM,"W42A      ",39019,2500000000,5315000000,1295000000,6520000000,5000000000,12800000000,2080000000,15720000000,REPLENISH
"ZZRB      ",CRM,"W42B      ",34061,5000000000,3530000000,3860000000,4670000000,10000000000,7740000000,12730000000,5010000000,REPLENISH
"ZZRC      ",CRM,"W42C      ",29021,2000000000,2485000000,2885000000,1600000000,2000000000,9510000000,8270000000,3240000000,REPLENISH
"ZZRD      ",CRM,"W42D      ",29020,7500000000,555000000,1475000000,6580000000,1000000000,2450000000,1350000000,2100000000,REPLENISH
"ZZRE      ",CRM,"W42E      ",39020,5000000000,580000000,1160000000,4420000000,10000000000,1550000000,3970000000,7580000000,CURRENT
"ZZRF      ",CRM,"W42F      ",34043,4000000000,5770000000,5425000000,4345000000,2000000000,14070000000,6390000000,9680000000,CURRENT
"ZZRG      ",CRM,"W42G      ",39027,5000000000,3065000000,2350000000,5715000000,10000000000,2770000000,2690000000,10080000000,REPLENISH
"ZZRH      ",CRM,"W42H      ",39072,5000000000,2430000000,2725000000,4705000000,10000000000,6080000000,3490000000,12590000000,REPLENISH
"ZZRI      ",CRM,"W42I      ",27508,2000000000,1210000000,2465000000,745000000,4000000000,8260000000,8290000000,3970000000,CURRENT
"ZZRJ      ",CRM,"W42J      ",20032,0,0,0,0,0,0,0,0,CURRENT
"ZZRK      ",CRM,"W42K      ",39021,20000000000,7310000000,11355000000,15955000000,10000000000,21780000000,16060000000,15720000000,REPLENISH
"ZZRL      ",CRM,"W42L      ",39068,5000000000,400000000,1880000000,3520000000,5000000000,2070000000,1600000000,5470000000,REPLENISH
"ZZRN      ",CRM,"W42N      ",34013,10000000000,1555000000,1480000000,10075000000,10000000000,7290000000,5210000000,12080000000,CURRENT
"ZZRO      ",CRM,"W42O      ",29028,2000000000,810000000,1135000000,1675000000,2000000000,4340000000,5720000000,620000000,REPLENISH
"ZZRP      ",CRM,"W42P      ",39028,10000000000,940000000,5405000000,5535000000,10000000000,5850000000,11710000000,4140000000,REPLENISH
"ZZRQ      ",CRM,"W42Q      ",37006,5000000000,1495000000,2920000000,3575000000,10000000000,10370000000,10920000000,9450000000,REPLENISH
"ZZRR      ",CRM,"W42R      ",24017,2000000000,770000000,405000000,2365000000,4000000000,2380000000,10000000,6370000000,REPLENISH
"ZZRT      ",CRM,"W42T      ",39015,1000000000,140000000,745000000,395000000,2000000000,1860000000,1720000000,2140000000,CURRENT
"ZZRV      ",CRM,"W42V      ",39080,2500000000,3360000000,3560000000,2300000000,5000000000,7740000000,4370000000,8370000000,REPLENISH
"ZZRW      ",CRM,"W42W      ",27507,2000000000,920000000,1860000000,1060000000,4000000000,1460000000,4410000000,1050000000,REPLENISH
"ZZRX      ",CRM,"W42X      ",34081,2500000000,1315000000,1110000000,2705000000,5000000000,2240000000,1030000000,6210000000,REPLENISH
"ZZRY      ",CRM,"W42Y      ",39034,2000000000,3175000000,2935000000,2240000000,4000000000,12690000000,3360000000,13330000000,REPLENISH
"ZZRZ      ",CRM,"W42Z      ",37012,0,0,0,0,0,0,0,0,CURRENT
"ZZR1      ",CRM,"W17R      ",47007,0,0,0,0,0,0,0,0,CURRENT
"ZZR3      ",CRM,"W19R      ",27511,2000000000,735000000,1970000000,765000000,4000000000,14950000000,14740000000,4210000000,REPLENISH
"ZZR4      ",CRM,"W20R      ",24022,0,0,0,0,0,0,0,0,REPLENISH
"ZZR8      ",CRM,"W23R      ",23010,1000000000,1055000000,1010000000,1045000000,4000000000,5660000000,3210000000,6450000000,REPLENISH
"ZZSA      ",CRM,"W43A      ",39003,0,0,0,0,0,0,0,0,CURRENT
"ZZSB      ",CRM,"W43B      ",32007,5000000000,6175000000,1050000000,10125000000,10000000000,18090000000,10770000000,17320000000,REPLENISH
"ZZSC      ",CRM,"W43C      ",39004,2000000000,265000000,1125000000,1140000000,8000000000,2860000000,4080000000,6780000000,REPLENISH
"ZZSE      ",CRM,"W43E      ",29010,2000000000,4750000000,1855000000,4895000000,5000000000,8830000000,10570000000,3260000000,REPLENISH
"ZZSH      ",CRM,"W43H      ",27004,2000000000,550000000,1025000000,1525000000,8000000000,8590000000,3020000000,13570000000,REPLENISH
"ZZSI      ",CRM,"W43I      ",29003,2000000000,3445000000,1845000000,3600000000,4000000000,4680000000,2970000000,5710000000,CURRENT
"ZZSL      ",CRM,"W43L      ",29027,3000000000,120000000,1325000000,1795000000,7000000000,2490000000,3800000000,5690000000,CURRENT
"ZZSN      ",CRM,"W43N      ",39047,3000000000,305000000,1050000000,2255000000,6000000000,3680000000,6250000000,3430000000,CURRENT
"ZZSO      ",CRM,"W43O      ",39066,3000000000,1075000000,1180000000,2895000000,6000000000,4090000000,3340000000,6750000000,REPLENISH
"ZZSP      ",CRM,"W43P      ",39013,3000000000,1480000000,570000000,3910000000,7000000000,7090000000,3100000000,10990000000,REPLENISH
"ZZSQ      ",CRM,"W43Q      ",39072,5000000000,1060000000,2595000000,3465000000,10000000000,2680000000,9010000000,3670000000,REPLENISH
"ZZSR      ",CRM,"W43R      ",34035,2000000000,14980000000,3065000000,13915000000,4000000000,33190000000,7960000000,29230000000,REPLENISH
"ZZSS      ",CRM,"W43S      ",39005,1000000000,1825000000,1440000000,1385000000,2000000000,10800000000,5810000000,6990000000,REPLENISH
"ZZST      ",CRM,"W43T      ",39080,2500000000,845000000,1775000000,1570000000,5000000000,2650000000,5260000000,2390000000,REPLENISH
"ZZSV      ",CRM,"W43V      ",23001,2000000000,5235000000,1815000000,5420000000,0,5590000000,4910000000,680000000,REPLENISH
"ZZSX      ",CRM,"W43X      ",23024,5000000000,955000000,4965000000,990000000,0,2180000000,1610000000,570000000,REPLENISH
"ZZSY      ",CRM,"W43Y      ",16040,2000000000,310000000,1900000000,410000000,4000000000,13510000000,16780000000,730000000,REPLENISH
"ZZS1      ",CRM,"W17S      ",47007,0,0,0,0,0,0,0,0,CURRENT
"ZZS2      ",CRM,"W18S      ",47007,4000000000,1965000000,2755000000,3210000000,7000000000,10540000000,6070000000,11470000000,REPLENISH
"ZZS8      ",CRM,"W23S      ",24040,2000000000,14655000000,3380000000,13275000000,4000000000,37920000000,7740000000,34180000000,REPLENISH
"ZZS9      ",CRM,"W24S      ",47007,5000000000,4105000000,955000000,8150000000,10000000000,12150000000,2670000000,19480000000,CURRENT
"ZZTA      ",CRM,"W44A      ",8026,5000000000,620000000,1390000000,4230000000,10000000000,3210000000,2370000000,10840000000,REPLENISH
"ZZTC      ",CRM,"W44C      ",43501,5000000000,335000000,1360000000,3975000000,5000000000,2720000000,3160000000,4560000000,REPLENISH
"ZZTD      ",CRM,"W44D      ",47007,6000000000,6370000000,4725000000,7645000000,6000000000,8730000000,11590000000,3140000000,CURRENT
"ZZTE      ",CRM,"W44E      ",8019,5000000000,585000000,570000000,5015000000,10000000000,1670000000,7440000000,4230000000,CURRENT
"ZZTG      ",CRM,"W44G      ",47007,10000000000,285000000,1210000000,9075000000,10000000000,2620000000,11130000000,1490000000,CURRENT
"ZZTJ      ",CRM,"W44J      ",29007,2000000000,14215000000,10690000000,5525000000,18000000000,16200000000,32850000000,1350000000,CURRENT
"ZZTK      ",CRM,"W44K      ",47007,7000000000,13480000000,10985000000,9495000000,7000000000,37400000000,16940000000,27460000000,CURRENT
"ZZTL      ",CRM,"W44L      ",47007,0,0,0,0,0,0,0,0,REPLENISH
"ZZTN      ",CRM,"W44N      ",47007,10000000000,600000000,3955000000,6645000000,10000000000,20420000000,11690000000,18730000000,CURRENT
"ZZTP      ",CRM,"W44P      ",47007,5000000000,45000000,850000000,4195000000,5000000000,43910000000,2770000000,46140000000,REPLENISH
"ZZTQ      ",CRM,"W44Q      ",47007,5000000000,4405000000,1375000000,8030000000,5000000000,15720000000,18810000000,1910000000,CURRENT
"ZZTS      ",CRM,"W44S      ",47007,0,0,0,0,0,0,0,0,CURRENT
"ZZTV      ",CRM,"W44V      ",47007,10000000000,830000000,4020000000,6810000000,10000000000,5250000000,5960000000,9290000000,CURRENT
"ZZTX      ",CRM,"W44X      ",29007,3000000000,31185000000,22250000000,11935000000,12000000000,25210000000,34400000000,2810000000,CURRENT
"ZZT0      ",CRM,"W16T      ",47007,11000000000,9195000000,14655000000,5540000000,28000000000,33710000000,13810000000,47900000000,CURRENT
"ZZT2      ",CRM,"W18T      ",47007,8000000000,2635000000,3085000000,7550000000,8000000000,5480000000,3760000000,9720000000,CURRENT
"ZZT3      ",CRM,"W19T      ",27505,2000000000,4595000000,1660000000,4935000000,4000000000,27080000000,11810000000,19270000000,CURRENT
"ZZT4      ",CRM,"W20T      ",24003,5000000000,590000000,4455000000,1135000000,10000000000,2760000000,6100000000,6660000000,CURRENT
"ZZT5      ",CRM,"W21T      ",8012,5000000000,1840000000,3725000000,3115000000,10000000000,7770000000,1500000000,16270000000,REPLENISH
"ZZT6      ",CRM,"W22T      ",24038,2000000000,7580000000,1300000000,8280000000,4000000000,11550000000,3040000000,12510000000,REPLENISH
"ZZT8      ",CRM,"W23T      ",29004,3000000000,2480000000,1110000000,4370000000,7000000000,9460000000,2070000000,14390000000,REPLENISH
"ZZT9      ",CRM,"W24T      ",47007,5000000000,275000000,315000000,4960000000,10000000000,470000000,50000000,10420000000,CURRENT
"ZZUF      ",CRM,"W45F      ",47007,20000000000,1080000000,6565000000,14515000000,28000000000,2260000000,5860000000,24400000000,CURRENT
"ZZUJ      ",CRM,"W45J      ",47007,20000000000,1590000000,4360000000,17230000000,28000000000,3890000000,3920000000,27970000000,CURRENT
"ZZUL      ",CRM,"W45L      ",47007,13000000000,540000000,4330000000,9210000000,28000000000,1250000000,3840000000,25410000000,CURRENT
"ZZUM      ",CRM,"W45M      ",47007,12000000000,320000000,3650000000,8670000000,8000000000,5730000000,6100000000,7630000000,CURRENT
"ZZUQ      ",CRM,"W45Q      ",47007,20000000000,2085000000,7730000000,14355000000,40000000000,12510000000,31120000000,21390000000,CURRENT
"ZZUT      ",CRM,"W45T      ",47007,11000000000,2330000000,2915000000,10415000000,7000000000,23120000000,2160000000,27960000000,CURRENT
"ZZUX      ",CRM,"W45X      ",47007,0,0,0,0,0,0,0,0,REPLENISH
"ZZUZ      ",CRM,"W45Z      ",47007,15000000000,155000000,4265000000,10890000000,15000000000,820000000,4180000000,11640000000,CURRENT
"ZZU1      ",CRM,"W17U      ",47007,0,0,0,0,0,0,0,0,CURRENT
"ZZU3      ",CRM,"W19U      ",27518,5000000000,2970000000,3980000000,3990000000,4000000000,16830000000,5770000000,15060000000,REPLENISH
"ZZU4      ",CRM,"W20U      ",24019,1000000000,4300000000,3565000000,1735000000,2000000000,23090000000,8280000000,16810000000,REPLENISH
"ZZU9      ",CRM,"W24U      ",47007,5000000000,115000000,255000000,4860000000,10000000000,550000000,10000000,10540000000,CURRENT
"ZZVB      ",CRM,"W46B      ",47007,15500000000,455000000,10190000000,5765000000,28000000000,3560000000,7860000000,23700000000,CURRENT
"ZZVD      ",CRM,"W46D      ",47007,20000000000,2330000000,4965000000,17365000000,28000000000,3160000000,5130000000,26030000000,CURRENT
"ZZVN      ",CRM,"W46N      ",47007,7500000000,505000000,5875000000,2130000000,28000000000,4280000000,11180000000,21100000000,CURRENT
"ZZVP      ",CRM,"W46P      ",47007,0,0,0,0,0,0,0,0,CURRENT
"ZZVS      ",CRM,"W46S      ",47007,15000000000,305000000,4285000000,11020000000,15000000000,3130000000,3150000000,14980000000,CURRENT
"ZZVT      ",CRM,"W46T      ",47007,0,0,0,0,0,0,0,0,REPLENISH
"ZZVX      ",CRM,"W46X      ",47007,0,0,0,0,0,0,0,0,CURRENT
"ZZVY      ",CRM,"W46Y      ",47007,10000000000,445000000,7310000000,3135000000,28000000000,1060000000,4850000000,24210000000,CURRENT
"ZZV0      ",CRM,"W16V      ",47007,0,0,0,0,0,0,0,0,CURRENT
"ZZV3      ",CRM,"W19V      ",27500,2000000000,6390000000,1375000000,7015000000,4000000000,34400000000,10960000000,27440000000,REPLENISH
"ZZV4      ",CRM,"W20V      ",44006,2000000000,3710000000,3420000000,2290000000,2000000000,11160000000,6870000000,6290000000,REPLENISH
"ZZV9      ",CRM,"W24V      ",47007,5000000000,110000000,280000000,4830000000,10000000000,40000000,80000000,9960000000,CURRENT
"ZZWF      ",CRM,"W47F      ",47007,15000000000,3080000000,6555000000,11525000000,15000000000,12360000000,10740000000,16620000000,CURRENT
"ZZWH      ",CRM,"W47H      ",47007,0,0,0,0,0,0,0,0,REPLENISH
"ZZWJ      ",CRM,"W47J      ",47007,0,0,0,0,0,0,0,0,REPLENISH
"ZZWL      ",CRM,"W47L      ",47007,20000000000,1125000000,8840000000,12285000000,28000000000,4770000000,9070000000,23700000000,CURRENT
"ZZWM      ",CRM,"W47M      ",47007,20000000000,1170000000,3875000000,17295000000,10000000000,3570000000,5750000000,7820000000,CURRENT
"ZZWQ      ",CRM,"W47Q      ",47007,20000000000,5275000000,9345000000,15930000000,28000000000,6320000000,8380000000,25940000000,CURRENT
"ZZWR      ",CRM,"W47R      ",47007,10000000000,880000000,4420000000,6460000000,15000000000,2470000000,9410000000,8060000000,CURRENT
"ZZWU      ",CRM,"W47U      ",47007,17500000000,670000000,7510000000,10660000000,28000000000,2780000000,5330000000,25450000000,CURRENT
"ZZW3      ",CRM,"W19W      ",29030,0,0,0,0,0,0,0,0,CURRENT
"ZZW6      ",CRM,"W22W      ",31006,2000000000,8400000000,1620000000,8780000000,4000000000,11780000000,7750000000,8030000000,REPLENISH
"ZZW9      ",CRM,"W24W      ",47007,5000000000,175000000,165000000,5010000000,10000000000,910000000,0,10910000000,CURRENT
"ZZXE      ",CRM,"W48E      ",47007,20000000000,895000000,7490000000,13405000000,28000000000,5950000000,5440000000,28510000000,CURRENT
"ZZXG      ",CRM,"W48G      ",47007,15000000000,2115000000,16365000000,750000000,23000000000,2880000000,11240000000,14640000000,CURRENT
"ZZXH      ",CRM,"W48H      ",47007,20000000000,1745000000,8415000000,13330000000,28000000000,3450000000,5710000000,25740000000,CURRENT
"ZZXK      ",CRM,"W48K      ",34048,5000000000,490000000,405000000,5085000000,10000000000,2100000000,3400000000,8700000000,CURRENT
"ZZXL      ",CRM,"W48L      ",47007,10500000000,1010000000,3725000000,7785000000,28000000000,1020000000,1320000000,27700000000,CURRENT
"ZZXM      ",CRM,"W48M      ",23031,10000000000,1860000000,10820000000,1040000000,40000000000,8370000000,34590000000,13780000000,REPLENISH
"ZZXP      ",CRM,"W48P      ",47007,10000000000,0,6135000000,3865000000,15000000000,100000000,13820000000,1280000000,CURRENT
"ZZXR      ",CRM,"W48R      ",47007,0,0,0,0,0,0,0,0,CURRENT
"ZZXS      ",CRM,"W48S      ",47007,20000000000,5000000,3180000000,16825000000,28000000000,120000000,4490000000,23630000000,REPLENISH
"ZZXT      ",CRM,"W48T      ",47007,10000000000,50000000,3565000000,6485000000,10000000000,440000000,2810000000,7630000000,CURRENT
"ZZXU      ",CRM,"W48U      ",47007,0,0,0,0,0,0,0,0,REPLENISH
"ZZXV      ",CRM,"W48V      ",47007,10000000000,710000000,4825000000,5885000000,10000000000,1840000000,4920000000,6920000000,CURRENT
"ZZXW      ",CRM,"W48W      ",47007,20000000000,805000000,7500000000,13305000000,10000000000,2650000000,5610000000,7040000000,CURRENT
"ZZXX      ",CRM,"W48X      ",47007,0,0,0,0,0,0,0,0,CURRENT
"ZZXY      ",CRM,"W48Y      ",47007,20000000000,6895000000,12535000000,14360000000,28000000000,22610000000,8300000000,42310000000,CURRENT
"ZZXZ      ",CRM,"W48Z      ",47007,0,0,0,0,0,0,0,0,REPLENISH
"ZZX2      ",CRM,"W18X      ",47007,4000000000,1695000000,2620000000,3075000000,28000000000,8470000000,3630000000,32840000000,REPLENISH
"ZZX3      ",CRM,"W19X      ",29012,5000000000,2500000000,1685000000,5815000000,10000000000,2630000000,3490000000,9140000000,REPLENISH
"ZZX5      ",CRM,"W21X      ",39004,2000000000,180000000,285000000,1895000000,8000000000,1560000000,2260000000,7300000000,REPLENISH
"ZZX8      ",CRM,"W23X      ",47007,0,0,0,0,0,0,0,0,CURRENT
"ZZYA      ",CRM,"W49A      ",47007,18000000000,75000000,1590000000,16485000000,10000000000,730000000,1050000000,9680000000,REPLENISH
"ZZYC      ",CRM,"W49C      ",47007,0,0,0,0,0,0,0,0,REPLENISH
"ZZYD      ",CRM,"W49D      ",47007,12000000000,1190000000,1885000000,11305000000,12000000000,6980000000,8760000000,10220000000,REPLENISH
"ZZYF      ",CRM,"W49F      ",47007,20000000000,360000000,5455000000,14905000000,10000000000,1280000000,4420000000,6860000000,CURRENT
"ZZYK      ",CRM,"W49K      ",47007,5500000000,480000000,470000000,5510000000,28000000000,2020000000,1750000000,28270000000,CURRENT
"ZZYL      ",CRM,"W49L      ",47007,10000000000,985000000,1355000000,9630000000,10000000000,3400000000,2940000000,10460000000,CURRENT
"ZZYM      ",CRM,"W49M      ",47007,13000000000,915000000,1880000000,12035000000,28000000000,4910000000,3550000000,29360000000,CURRENT
"ZZYN      ",CRM,"W49N      ",47007,0,0,0,0,0,0,0,0,CURRENT
"ZZYR      ",CRM,"W49R      ",47007,4500000000,190000000,295000000,4395000000,28000000000,3150000000,820000000,30330000000,CURRENT
"ZZYS      ",CRM,"W49S      ",47007,5000000000,3560000000,4940000000,3620000000,5000000000,30240000000,10310000000,24930000000,CURRENT
"ZZYU      ",CRM,"W49U      ",47007,10500000000,770000000,1365000000,9905000000,28000000000,1650000000,17340000000,12310000000,CURRENT
"ZZYX      ",CRM,"W49X      ",47007,10000000000,4645000000,6575000000,8070000000,20000000000,8350000000,17010000000,11340000000,CURRENT
"ZZYZ      ",CRM,"W49Z      ",39033,5000000000,540000000,2100000000,3440000000,10000000000,10290000000,7930000000,12360000000,REPLENISH
"ZZY0      ",CRM,"W16Y      ",47007,0,0,0,0,0,0,0,0,REPLENISH
"ZZY3      ",CRM,"W19Y      ",31500,3000000000,5405000000,2050000000,6355000000,6000000000,26600000000,4270000000,28330000000,REPLENISH
"ZZY4      ",CRM,"W20Y      ",47007,0,0,0,0,0,0,0,0,REPLENISH
"ZZY6      ",CRM,"W22Y      ",27517,2000000000,6735000000,6485000000,2250000000,4000000000,21550000000,16650000000,8900000000,REPLENISH
"ZZZA      ",CRM,"W51A      ",39022,2000000000,2170000000,1645000000,2525000000,8000000000,5880000000,3810000000,10070000000,REPLENISH
"ZZZ0      ",CRM,"W16Z      ",47007,10000000000,4985000000,9025000000,5960000000,10000000000,30850000000,9660000000,31190000000,CURRENT
"ZZZ3      ",CRM,"W19Z      ",39083,1000000000,3510000000,2825000000,1685000000,2000000000,20670000000,9930000000,12740000000,REPLENISH
"ZZZ6      ",CRM,"W22Z      ",27500,2000000000,13755000000,1065000000,14690000000,4000000000,71160000000,11100000000,64060000000,REPLENISH
"ZZZ9      ",CRM,"W24Z      ",47007,6500000000,8200000000,240000000,14460000000,28000000000,9960000000,1940000000,36020000000,REPLENISH
"ZZ0F      ",CRM,"W03F      ",47007,3500000000,255000000,3215000000,540000000,10000000000,800000000,1980000000,8820000000,CURRENT
"ZZ0G      ",CRM,"W03G      ",47007,14000000000,370000000,6600000000,7770000000,17000000000,1620000000,6310000000,12310000000,CURRENT
"ZZ0J      ",CRM,"W03J      ",47007,10000000000,205000000,3815000000,6390000000,10000000000,910000000,2210000000,8700000000,CURRENT
"ZZ0L      ",CRM,"W03L      ",47007,15000000000,8750000000,7020000000,16730000000,20000000000,14140000000,9740000000,24400000000,CURRENT
"ZZ0O      ",CRM,"W03O      ",47007,7000000000,325000000,3420000000,3905000000,28000000000,2540000000,2890000000,27650000000,CURRENT
"ZZ0P      ",CRM,"W03P      ",47007,2500000000,1115000000,2810000000,805000000,28000000000,3060000000,1640000000,29420000000,REPLENISH
"ZZ0Q      ",CRM,"W03Q      ",47007,10000000000,20000000,490000000,9530000000,15000000000,10000000,450000000,14560000000,CURRENT
"ZZ0R      ",CRM,"W03R      ",47007,13500000000,1055000000,3305000000,11250000000,10000000000,4300000000,12850000000,1450000000,CURRENT
"ZZ0T      ",CRM,"W03T      ",47007,0,0,0,0,0,0,0,0,CURRENT
"ZZ0V      ",CRM,"W03V      ",47007,15000000000,1230000000,3460000000,12770000000,15000000000,6260000000,5410000000,15850000000,CURRENT
"ZZ0W      ",CRM,"W03W      ",47007,14000000000,4480000000,13305000000,5175000000,20000000000,10810000000,7700000000,23110000000,CURRENT
"ZZ0Y      ",CRM,"W03Y      ",47007,10500000000,2475000000,6095000000,6880000000,28000000000,5980000000,3100000000,30880000000,CURRENT
"ZZ00      ",CRM,"W003      ",47007,14000000000,435000000,680000000,13755000000,3000000000,8280000000,1560000000,9720000000,CURRENT
"ZZ01      ",CRM,"W004      ",47007,2000000000,665000000,1620000000,1045000000,28000000000,6280000000,4300000000,29980000000,CURRENT
"ZZ02      ",CRM,"W005      ",47007,1500000000,150000000,645000000,1005000000,28000000000,910000000,1370000000,27540000000,CURRENT
"ZZ03      ",CRM,"W006      ",47007,14000000000,1880000000,8260000000,7620000000,20000000000,37310000000,25890000000,31420000000,REPLENISH
"ZZ04      ",CRM,"W007      ",47007,0,0,0,0,0,0,0,0,REPLENISH
"ZZ05      ",CRM,"W008      ",47007,0,0,0,0,0,0,0,0,REPLENISH
"ZZ06      ",CRM,"W009      ",47007,0,0,0,0,0,0,0,0,CURRENT
"ZZ07      ",CRM,"W00A      ",47007,14000000000,1555000000,2295000000,13260000000,32000000000,8150000000,5640000000,34510000000,CURRENT
"ZZ08      ",CRM,"W00B      ",47007,14000000000,945000000,4950000000,9995000000,12000000000,19850000000,21580000000,10270000000,CURRENT
"ZZ09      ",CRM,"W00C      ",47007,14000000000,2155000000,2460000000,13695000000,17000000000,11170000000,5860000000,22310000000,CURRENT
"ZZ1C      ",CRM,"W04C      ",47007,3500000000,2970000000,5970000000,500000000,10000000000,7200000000,4220000000,12980000000,CURRENT
"ZZ1H      ",CRM,"W04H      ",47007,20000000000,4770000000,9885000000,14885000000,28000000000,6640000000,15430000000,19210000000,CURRENT
"ZZ1I      ",CRM,"W04I      ",47007,0,0,0,0,0,0,0,0,CURRENT
"ZZ1M      ",CRM,"W04M      ",47007,20000000000,3775000000,4675000000,19100000000,28000000000,10450000000,9220000000,29230000000,CURRENT
"ZZ1N      ",CRM,"W04N      ",47007,0,0,0,0,0,0,0,0,CURRENT
"ZZ1O      ",CRM,"W04O      ",47007,14000000000,10310000000,6210000000,18100000000,40000000000,18690000000,7810000000,50880000000,REPLENISH
"ZZ1Q      ",CRM,"W04Q      ",47007,0,0,0,0,0,0,0,0,CURRENT
"ZZ1U      ",CRM,"W04U      ",47007,0,0,0,0,0,0,0,0,CURRENT
"ZZ1V      ",CRM,"W04V      ",47007,2000000000,23960000000,9230000000,16730000000,5000000000,50110000000,9860000000,45250000000,CURRENT
"ZZ1Y      ",CRM,"W04Y      ",47007,0,0,0,0,0,0,0,0,CURRENT
"ZZ1Z      ",CRM,"W04Z      ",47007,14000000000,3160000000,3985000000,13175000000,24000000000,10450000000,6160000000,28290000000,CURRENT
"ZZ10      ",CRM,"W00D      ",47007,3500000000,95000000,650000000,2945000000,28000000000,1900000000,1700000000,28200000000,REPLENISH
"ZZ11      ",CRM,"W00E      ",47007,4500000000,380000000,1835000000,3045000000,28000000000,4030000000,8190000000,23840000000,CURRENT
"ZZ12      ",CRM,"W00F      ",47007,0,0,0,0,0,0,0,0,CURRENT
"ZZ13      ",CRM,"W00G      ",47007,0,0,0,0,0,0,0,0,CURRENT
"ZZ14      ",CRM,"W00H      ",47007,500000000,365000000,350000000,515000000,28000000000,1570000000,1360000000,28210000000,CURRENT
"ZZ15      ",CRM,"W00I      ",47007,2000000000,35000000,425000000,1610000000,28000000000,1130000000,700000000,28430000000,CURRENT
"ZZ19      ",CRM,"W00M      ",47007,14000000000,835000000,2100000000,12735000000,31000000000,17840000000,24580000000,24260000000,CURRENT
"ZZ2B      ",CRM,"W05B      ",47007,14000000000,9220000000,20465000000,2755000000,22000000000,27710000000,26650000000,23060000000,REPLENISH
"ZZ2C      ",CRM,"W05C      ",47007,0,0,0,0,0,0,0,0,CURRENT
"ZZ2H      ",CRM,"W05H      ",47007,0,0,0,0,0,0,0,0,CURRENT
"ZZ2J      ",CRM,"W05J      ",47007,0,0,0,0,0,0,0,0,CURRENT
"ZZ2O      ",CRM,"W05O      ",47007,0,0,0,0,0,0,0,0,CURRENT
"ZZ2P      ",CRM,"W05P      ",47007,10000000000,1005000000,4135000000,6870000000,15000000000,1970000000,8260000000,8710000000,CURRENT
"ZZ2Q      ",CRM,"W05Q      ",47007,14000000000,1935000000,3585000000,12350000000,5000000000,3770000000,3220000000,5550000000,REPLENISH
"ZZ2R      ",CRM,"W05R      ",47007,14000000000,9065000000,12985000000,10080000000,25000000000,22410000000,30920000000,16490000000,CURRENT
"ZZ2T      ",CRM,"W05T      ",47007,14000000000,3825000000,4815000000,13010000000,40000000000,8220000000,20500000000,27720000000,CURRENT
"ZZ2U      ",CRM,"W05U      ",47007,15000000000,5980000000,10230000000,10750000000,20000000000,13480000000,14530000000,18950000000,CURRENT
"ZZ2X      ",CRM,"W05X      ",47007,20000000000,1835000000,9015000000,12820000000,40000000000,7360000000,26290000000,21070000000,CURRENT
"ZZ20      ",CRM,"W00O      ",47007,1500000000,360000000,935000000,925000000,28000000000,1300000000,4740000000,24560000000,CURRENT
"ZZ21      ",CRM,"W00P      ",47007,5000000000,590000000,1400000000,4190000000,5000000000,22740000000,26920000000,820000000,REPLENISH
"ZZ22      ",CRM,"W00Q      ",47007,5000000000,345000000,480000000,4865000000,5000000000,23570000000,9120000000,19450000000,CURRENT
"ZZ23      ",CRM,"W00R      ",47007,500000000,360000000,490000000,370000000,28000000000,7330000000,2060000000,33270000000,CURRENT
"ZZ24      ",CRM,"W00S      ",47007,0,0,0,0,0,0,0,0,CURRENT
"ZZ25      ",CRM,"W00T      ",47007,3000000000,5405000000,2740000000,5665000000,5000000000,50480000000,19410000000,36070000000,CURRENT
"ZZ26      ",CRM,"W00U      ",47007,3500000000,160000000,750000000,2910000000,28000000000,3940000000,1400000000,30540000000,CURRENT
"ZZ3B      ",CRM,"W09B      ",47007,0,0,0,0,0,0,0,0,CURRENT
"ZZ3J      ",CRM,"W09J      ",47007,0,0,0,0,0,0,0,0,CURRENT
"ZZ31      ",CRM,"W00Z      ",47007,3000000000,3350000000,1160000000,5190000000,6000000000,32620000000,8230000000,30390000000,REPLENISH
"ZZ32      ",CRM,"W010      ",47007,4000000000,4300000000,480000000,7820000000,7000000000,29540000000,16700000000,19840000000,CURRENT
"ZZ39      ",CRM,"W017      ",47007,14000000000,1295000000,5520000000,9775000000,8000000000,12740000000,8910000000,11830000000,CURRENT
"ZZ4F      ",CRM,"W10F      ",47007,0,0,0,0,0,0,0,0,CURRENT
"ZZ4L      ",CRM,"W10L      ",47007,0,0,0,0,0,0,0,0,CURRENT
"ZZ4R      ",CRM,"W10R      ",47007,0,0,0,0,0,0,0,0,CURRENT
"ZZ42      ",CRM,"W01A      ",47007,0,0,0,0,0,0,0,0,CURRENT
"ZZ44      ",CRM,"W01C      ",47007,0,0,0,0,0,0,0,0,CURRENT
"ZZ46      ",CRM,"W01E      ",47007,0,0,0,0,0,0,0,0,CURRENT
"ZZ48      ",CRM,"W01G      ",47007,18000000000,3725000000,16745000000,4980000000,28000000000,17050000000,29000000000,16050000000,CURRENT
"ZZ49      ",CRM,"W01H      ",47007,0,0,0,0,0,0,0,0,CURRENT
"ZZ5E      ",CRM,"W11E      ",47007,10000000000,2315000000,1210000000,11105000000,28000000000,13500000000,3730000000,37770000000,CURRENT
"ZZ5F      ",CRM,"W11F      ",47007,0,0,0,0,0,0,0,0,CURRENT
"ZZ5L      ",CRM,"W11L      ",47007,2400000000,690000000,2495000000,595000000,33600000000,7530000000,7530000000,33600000000,CURRENT
"ZZ5N      ",CRM,"W11N      ",47007,0,0,0,0,0,0,0,0,CURRENT
"ZZ5P      ",CRM,"W11P      ",47007,10000000000,2875000000,10840000000,2035000000,20000000000,10430000000,11470000000,18960000000,REPLENISH
"ZZ5X      ",CRM,"W11X      ",47007,5000000000,4500000000,2630000000,6870000000,10000000000,7770000000,4700000000,13070000000,CURRENT
"ZZ5Z      ",CRM,"W11Z      ",47007,5000000000,1985000000,2455000000,4530000000,10000000000,6440000000,4270000000,12170000000,CURRENT
"ZZ53      ",CRM,"W01L      ",47007,15000000000,2445000000,3665000000,13780000000,15000000000,8710000000,8460000000,15250000000,CURRENT
"ZZ58      ",CRM,"W01Q      ",47007,17000000000,6600000000,4590000000,19010000000,28000000000,28240000000,4430000000,51810000000,CURRENT
"ZZ6B      ",CRM,"W12B      ",47007,11000000000,775000000,2330000000,9445000000,7000000000,7370000000,3230000000,11140000000,CURRENT
"ZZ6E      ",CRM,"W12E      ",47007,0,0,0,0,0,0,0,0,REPLENISH
"ZZ6G      ",CRM,"W12G      ",34031,5000000000,1010000000,3715000000,2295000000,5000000000,4720000000,4090000000,5630000000,REPLENISH
"ZZ6H      ",CRM,"W12H      ",34035,5000000000,14355000000,5455000000,13900000000,10000000000,38070000000,10480000000,37590000000,REPLENISH
"ZZ6L      ",CRM,"W12L      ",47007,0,0,0,0,0,0,0,0,CURRENT
"ZZ6M      ",CRM,"W12M      ",47007,5000000000,2640000000,1575000000,6065000000,10000000000,11100000000,2670000000,18430000000,CURRENT
"ZZ6N      ",CRM,"W12N      ",47007,10000000000,1930000000,9205000000,2725000000,20000000000,5370000000,10590000000,14780000000,CURRENT
"ZZ6O      ",CRM,"W12O      ",47007,5000000000,10220000000,10455000000,4765000000,20000000000,29440000000,22250000000,27190000000,CURRENT
"ZZ6P      ",CRM,"W12P      ",47007,5000000000,1110000000,965000000,5145000000,10000000000,4610000000,4140000000,10470000000,CURRENT
"ZZ6Q      ",CRM,"W12Q      ",47007,0,0,0,0,0,0,0,0,CURRENT
"ZZ6S      ",CRM,"W12S      ",47007,0,0,0,0,0,0,0,0,CURRENT
"ZZ6T      ",CRM,"W12T      ",47007,0,0,0,0,0,0,0,0,CURRENT
"ZZ6V      ",CRM,"W12V      ",47007,0,0,0,0,0,0,0,0,REPLENISH
"ZZ60      ",CRM,"W01S      ",47007,15000000000,2690000000,3150000000,14540000000,15000000000,2850000000,12960000000,4890000000,CURRENT
"ZZ62      ",CRM,"W01U      ",47007,14000000000,305000000,5150000000,9155000000,10000000000,2060000000,6440000000,5620000000,CURRENT
"ZZ65      ",CRM,"W01X      ",47007,18500000000,2945000000,6785000000,14660000000,10000000000,2950000000,12130000000,820000000,CURRENT
"ZZ68      ",CRM,"W020      ",47007,0,0,0,0,0,0,0,0,CURRENT
"ZZ69      ",CRM,"W021      ",47007,5000000000,14910000000,13865000000,6045000000,10000000000,42690000000,20750000000,31940000000,CURRENT
"ZZ7G      ",CRM,"W13G      ",47007,0,0,0,0,0,0,0,0,CURRENT
"ZZ7J      ",CRM,"W13J      ",47007,0,0,0,0,0,0,0,0,CURRENT
"ZZ7N      ",CRM,"W13N      ",47007,0,0,0,0,0,0,0,0,CURRENT
"ZZ7Q      ",CRM,"W13Q      ",47007,0,0,0,0,0,0,0,0,CURRENT
"ZZ7T      ",CRM,"W13T      ",47007,14000000000,2480000000,805000000,15675000000,17000000000,7700000000,3750000000,20950000000,CURRENT
"ZZ71      ",CRM,"W023      ",47007,8500000000,595000000,6810000000,2285000000,28000000000,3400000000,9750000000,21650000000,REPLENISH
"ZZ78      ",CRM,"W02A      ",47007,11000000000,1180000000,1235000000,10945000000,21000000000,3580000000,19570000000,5010000000,REPLENISH
"ZZ79      ",CRM,"W02B      ",47007,2000000000,7320000000,4505000000,4815000000,4000000000,21090000000,22440000000,2650000000,CURRENT
"ZZ8A      ",CRM,"W14A      ",47007,0,0,0,0,0,0,0,0,CURRENT
"ZZ8B      ",CRM,"W14B      ",47007,0,0,0,0,0,0,0,0,CURRENT
"ZZ8J      ",CRM,"W14J      ",47007,0,0,0,0,0,0,0,0,CURRENT
"ZZ8N      ",CRM,"W14N      ",47007,10000000000,1120000000,3770000000,7350000000,10000000000,6890000000,14340000000,2550000000,CURRENT
"ZZ8P      ",CRM,"W14P      ",47007,0,0,0,0,0,0,0,0,CURRENT
"ZZ8T      ",CRM,"W14T      ",47007,10000000000,1320000000,2025000000,9295000000,20000000000,5730000000,3940000000,21790000000,CURRENT
"ZZ82      ",CRM,"W02E      ",47007,16800000000,1980000000,4620000000,14160000000,38000000000,7310000000,12220000000,33090000000,CURRENT
"ZZ86      ",CRM,"W02I      ",47007,14500000000,1725000000,3230000000,12995000000,28000000000,3750000000,6050000000,25700000000,CURRENT
"ZZ87      ",CRM,"W02J      ",47007,5000000000,4790000000,1450000000,8340000000,28000000000,18310000000,3280000000,43030000000,CURRENT
"ZZ88      ",CRM,"W02K      ",47007,4000000000,1015000000,1085000000,3930000000,8000000000,9590000000,9180000000,8410000000,CURRENT
"ZZ9E      ",CRM,"W15E      ",47007,13500000000,1510000000,3650000000,11360000000,10000000000,16860000000,25490000000,1370000000,CURRENT
"ZZ93      ",CRM,"W02P      ",47007,1500000000,165000000,370000000,1295000000,28000000000,930000000,10000000,28920000000,REPLENISH
"ZZ94      ",CRM,"W02Q      ",47007,5000000000,1285000000,4010000000,2275000000,5000000000,5840000000,2490000000,8350000000,CURRENT
"ZZ95      ",CRM,"W02R      ",47007,5000000000,175000000,1505000000,3670000000,5000000000,1260000000,600000000,5660000000,CURRENT
"ZZ96      ",CRM,"W02S      ",47007,0,0,0,0,0,0,0,0,CURRENT
"Z001      ",CRM,"W001      ",47007,10000000000,3295000000,2385000000,10910000000,5000000000,22730000000,5620000000,22110000000,CURRENT
"Z002      ",CRM,"W002      ",47007,10000000000,3140000000,3655000000,9485000000,5000000000,38490000000,5100000000,38390000000,CURRENT
"1004      ",ATM50K,"Z003      ",47007,23500000000,0,11130000000,12370000000,,0,,,CURRENT
"1012      ",ATM50K,"Z00A      ",47007,32000000000,0,10035000000,21965000000,,0,,,CURRENT
"1022      ",ATM50K,"Z00K      ",47007,40000000000,0,14470000000,25530000000,,0,,,CURRENT
"1023      ",ATM50K,"Z00L      ",47007,37500000000,0,18345000000,19155000000,,0,,,CURRENT
"1025      ",ATM50K,"Z00N      ",24022,10000000000,0,8110000000,1890000000,,0,,,CURRENT
"1031      ",ATM50K,"Z00S      ",47007,30000000000,0,10145000000,19855000000,,0,,,CURRENT
"1037      ",ATM50K,"Z00Y      ",47007,36000000000,0,2340000000,33660000000,,0,,,REPLENISH
"1039      ",ATM100K,"Z010      ",47007,,0,,,36000000000,0,11210000000,24790000000,CURRENT
"1050      ",ATM50K,"Z01A      ",4016,15000000000,0,3080000000,11920000000,,0,,,REPLENISH
"1051      ",ATM50K,"Z01B      ",47007,30000000000,0,11845000000,18155000000,,0,,,CURRENT
"1054      ",ATM100K,"Z01E      ",47007,,0,,,32000000000,0,19780000000,12220000000,CURRENT
"1057      ",ATM100K,"Z01H      ",47007,,0,,,60000000000,0,14360000000,45640000000,CURRENT
"1062      ",ATM50K,"Z01M      ",47007,30000000000,0,4295000000,25705000000,,0,,,CURRENT
"1063      ",ATM50K,"Z01N      ",47007,30000000000,0,11980000000,18020000000,,0,,,CURRENT
"1064      ",ATM50K,"Z01O      ",47007,30000000000,0,10005000000,19995000000,,0,,,CURRENT
"1080      ",ATM100K,"Z023      ",4009,,0,,,60000000000,0,0,60000000000,REPLENISH
"1086      ",ATM50K,"Z029      ",47007,22800000000,0,16070000000,6730000000,,0,,,CURRENT
"1090      ",ATM50K,"Z02C      ",34041,20000000000,0,180000000,19820000000,,0,,,REPLENISH
"1092      ",ATM50K,"Z02E      ",47007,30000000000,0,8375000000,21625000000,,0,,,CURRENT
"1111      ",ATM50K,"Z02W      ",47007,30000000000,0,6135000000,23865000000,,0,,,CURRENT
"1119      ",ATM100K,"Z034      ",29031,,0,,,40000000000,0,400000000,39600000000,REPLENISH
"1143      ",ATM50K,"Z03R      ",47007,15000000000,0,3815000000,11185000000,,0,,,CURRENT
"1145      ",ATM100K,"Z03T      ",39021,,0,,,30000000000,0,15350000000,14650000000,CURRENT
"1153      ",ATM50K,"Z041      ",47007,18500000000,0,6345000000,12155000000,,0,,,CURRENT
"1172      ",ATM100K,"Z04K      ",34041,,0,,,30000000000,0,270000000,29730000000,REPLENISH
"1184      ",ATM100K,"Z04V      ",47007,,0,,,47000000000,0,15090000000,31910000000,CURRENT
"1190      ",ATM100K,"Z04Z      ",8024,,0,,,20000000000,0,1700000000,18300000000,REPLENISH
"1206      ",ATM50K,"Z05E      ",29004,10000000000,0,15000000,9985000000,,0,,,REPLENISH
"1210      ",ATM100K,"Z05I      ",16013,,0,,,40000000000,0,2180000000,37820000000,REPLENISH
"1211      ",ATM50K,"Z05J      ",47007,40000000000,0,32935000000,7065000000,,0,,,CURRENT
"1220      ",ATM100K,"Z05S      ",39034,,0,,,20000000000,0,390000000,19610000000,REPLENISH
"1228      ",ATM50K,"Z060      ",39041,40000000000,0,650000000,39350000000,,0,,,REPLENISH
"1232      ",ATM100K,"Z064      ",9,,0,,,10000000000,0,1990000000,8010000000,CURRENT
"1235      ",ATM50K,"Z067      ",34061,20000000000,0,0,20000000000,,0,,,REPLENISH
"1243      ",ATM50K,"Z06E      ",47007,16500000000,0,485000000,16015000000,,0,,,REPLENISH
"1246      ",ATM50K,"Z06G      ",47007,32500000000,0,9340000000,23160000000,,0,,,CURRENT
"1249      ",ATM100K,"Z06I      ",47007,,0,,,75000000000,0,32260000000,42740000000,CURRENT
"1250      ",ATM100K,"Z06J      ",16033,,0,,,20000000000,0,18160000000,1840000000,CURRENT
"1252      ",ATM50K,"Z06L      ",47007,18000000000,0,10720000000,7280000000,,0,,,CURRENT
"1253      ",ATM50K,"Z06M      ",47007,19000000000,0,9185000000,9815000000,,0,,,CURRENT
"1254      ",ATM50K,"Z06N      ",47007,27000000000,0,9785000000,17215000000,,0,,,CURRENT
"1261      ",ATM50K,"Z06U      ",47007,20000000000,0,45000000,19955000000,,0,,,REPLENISH
"1269      ",ATM50K,"Z071      ",47007,31500000000,0,12370000000,19130000000,,0,,,CURRENT
"1273      ",ATM50K,"Z075      ",47007,19500000000,0,2990000000,16510000000,,0,,,REPLENISH
"1274      ",ATM50K,"Z076      ",47007,20000000000,0,10405000000,9595000000,,0,,,CURRENT
"1284      ",ATM50K,"Z07F      ",47007,21000000000,0,11095000000,9905000000,,0,,,CURRENT
"1289      ",ATM50K,"Z07K      ",47007,20000000000,0,3920000000,16080000000,,0,,,CURRENT
"1292      ",ATM50K,"Z07M      ",47007,10000000000,0,1570000000,8430000000,,0,,,REPLENISH
"1293      ",ATM100K,"Z07N      ",27519,,0,,,20000000000,0,2190000000,17810000000,REPLENISH
"1300      ",ATM100K,"Z07U      ",16010,,0,,,20000000000,0,1730000000,18270000000,REPLENISH
"1312      ",ATM50K,"Z084      ",47007,36500000000,0,9505000000,26995000000,,0,,,CURRENT
"1346      ",ATM50K,"Z08W      ",47007,25000000000,0,9320000000,15680000000,,0,,,CURRENT
"1348      ",ATM50K,"Z08Y      ",47007,30000000000,0,11450000000,18550000000,,0,,,CURRENT
"1360      ",ATM50K,"Z098      ",23013,10000000000,0,5230000000,4770000000,,0,,,CURRENT
"1367      ",ATM50K,"Z09F      ",47007,31000000000,0,21140000000,9860000000,,0,,,CURRENT
"1369      ",ATM50K,"Z09H      ",47007,23500000000,0,1685000000,21815000000,,0,,,REPLENISH
"1370      ",ATM100K,"Z09I      ",4004,,0,,,20000000000,0,1450000000,18550000000,REPLENISH
"1371      ",ATM50K,"Z09J      ",47007,39000000000,0,23800000000,15200000000,,0,,,CURRENT
"1380      ",ATM100K,"Z09Q      ",8012,,0,,,40000000000,0,350000000,39650000000,REPLENISH
"1390      ",ATM100K,"Z0A0      ",23030,,0,,,40000000000,0,8420000000,31580000000,REPLENISH
"1392      ",ATM50K,"Z0A2      ",47007,10000000000,0,4640000000,5360000000,,0,,,CURRENT
"1399      ",ATM50K,"Z0A9      ",47007,30000000000,0,10210000000,19790000000,,0,,,CURRENT
"1412      ",ATM50K,"Z0AL      ",47007,40000000000,0,2525000000,37475000000,,0,,,REPLENISH
"1445      ",ATM50K,"Z0BI      ",34037,15000000000,0,95000000,14905000000,,0,,,REPLENISH
"1447      ",ATM50K,"Z0BK      ",47007,40000000000,0,19990000000,20010000000,,0,,,CURRENT
"1460      ",ATM100K,"Z0BX      ",4016,,0,,,30000000000,0,5280000000,24720000000,REPLENISH
"1467      ",ATM50K,"Z0C4      ",47007,36000000000,0,6165000000,29835000000,,0,,,CURRENT
"1469      ",ATM50K,"Z0C6      ",47007,17500000000,0,6060000000,11440000000,,0,,,CURRENT
"1471      ",ATM100K,"Z0C8      ",29000,,0,,,20000000000,0,550000000,19450000000,REPLENISH
"1477      ",ATM50K,"Z0CD      ",47007,18000000000,0,7015000000,10985000000,,0,,,CURRENT
"1482      ",ATM50K,"Z0CG      ",47007,32500000000,0,17740000000,14760000000,,0,,,CURRENT
"1488      ",ATM100K,"Z0CM      ",47007,,0,,,43000000000,0,14840000000,28160000000,CURRENT
"1515      ",ATM50K,"Z0DB      ",30001,10000000000,0,760000000,9240000000,,0,,,CURRENT
"1525      ",ATM100K,"Z0DK      ",39026,,0,,,20000000000,0,200000000,19800000000,REPLENISH
"1535      ",ATM100K,"Z0DT      ",39020,,0,,,10000000000,0,2340000000,7660000000,CURRENT
"1539      ",ATM100K,"Z0DW      ",47007,,0,,,53000000000,0,25020000000,27980000000,CURRENT
"1550      ",ATM100K,"Z0E5      ",23037,,0,,,20000000000,0,2820000000,17180000000,REPLENISH
"1552      ",ATM50K,"Z0E7      ",47007,30000000000,0,19110000000,10890000000,,0,,,CURRENT
"1557      ",ATM50K,"Z0EC      ",47007,40000000000,0,10670000000,29330000000,,0,,,CURRENT
"1563      ",ATM50K,"Z0EI      ",47007,26500000000,0,4935000000,21565000000,,0,,,REPLENISH
"1567      ",ATM50K,"Z0EM      ",47007,30000000000,0,8245000000,21755000000,,0,,,CURRENT
"1568      ",ATM100K,"Z0EN      ",47007,,0,,,80000000000,0,57830000000,22170000000,CURRENT
"1571      ",ATM50K,"Z0EQ      ",47007,20000000000,0,7825000000,12175000000,,0,,,CURRENT
"1575      ",ATM100K,"Z0ER      ",29017,,0,,,20000000000,0,7210000000,12790000000,CURRENT
"1582      ",ATM50K,"Z0EW      ",47007,28000000000,0,10905000000,17095000000,,0,,,CURRENT
"1583      ",ATM50K,"Z0EX      ",47007,20000000000,0,10245000000,9755000000,,0,,,CURRENT
"1589      ",ATM50K,"Z0F3      ",27500,30000000000,0,85000000,29915000000,,0,,,REPLENISH
"1590      ",ATM100K,"Z0F4      ",8003,,0,,,20000000000,0,3520000000,16480000000,REPLENISH
"1595      ",ATM100K,"Z0F8      ",32000,,0,,,30000000000,0,0,30000000000,REPLENISH
"1606      ",ATM50K,"Z0FI      ",47007,19000000000,0,9295000000,9705000000,,0,,,CURRENT
"1616      ",ATM50K,"Z0FS      ",27000,10000000000,0,20000000,9980000000,,0,,,REPLENISH
"1630      ",ATM100K,"Z0G6      ",16002,,0,,,20000000000,0,7590000000,12410000000,CURRENT
"1645      ",ATM50K,"Z0GK      ",47007,11000000000,0,4955000000,6045000000,,0,,,REPLENISH
"1656      ",ATM50K,"Z0GV      ",47007,30000000000,0,8380000000,21620000000,,0,,,CURRENT
"1659      ",ATM50K,"Z0GY      ",47007,27000000000,0,11160000000,15840000000,,0,,,CURRENT
"1671      ",ATM50K,"Z0HA      ",47007,12000000000,0,355000000,11645000000,,0,,,CURRENT
"1673      ",ATM50K,"Z0HC      ",47007,22000000000,0,2450000000,19550000000,,0,,,REPLENISH
"1677      ",ATM50K,"Z0HG      ",47007,30000000000,0,13675000000,16325000000,,0,,,CURRENT
"1681      ",ATM50K,"Z0HK      ",47007,30000000000,0,23915000000,6085000000,,0,,,CURRENT
"1685      ",ATM100K,"Z0HM      ",29010,,0,,,40000000000,0,5770000000,34230000000,REPLENISH
"1697      ",ATM50K,"Z0HW      ",47007,30000000000,0,18950000000,11050000000,,0,,,CURRENT
"1700      ",ATM100K,"Z0HZ      ",24014,,0,,,20000000000,0,1850000000,18150000000,REPLENISH
"1705      ",ATM50K,"Z0I2      ",47007,30000000000,0,1180000000,28820000000,,0,,,REPLENISH
"1725      ",ATM50K,"Z0I6      ",47007,20000000000,0,2465000000,17535000000,,0,,,REPLENISH
"1768      ",ATM50K,"Z0IT      ",47007,30000000000,0,11625000000,18375000000,,0,,,CURRENT
"1775      ",ATM100K,"Z0IZ      ",23030,,0,,,40000000000,0,13360000000,26640000000,REPLENISH
"1776      ",ATM50K,"Z0J0      ",47007,20000000000,0,2615000000,17385000000,,0,,,CURRENT
"1780      ",ATM50K,"Z0J4      ",24014,10000000000,0,1360000000,8640000000,,0,,,REPLENISH
"1786      ",ATM50K,"Z0JA      ",47007,23000000000,0,8690000000,14310000000,,0,,,CURRENT
"1799      ",ATM100K,"Z0JN      ",27508,,0,,,20000000000,0,6850000000,13150000000,CURRENT
"1813      ",ATM50K,"Z0K1      ",47007,30000000000,0,10835000000,19165000000,,0,,,CURRENT
"1829      ",ATM50K,"Z0KH      ",47007,30000000000,0,17340000000,12660000000,,0,,,CURRENT
"1840      ",ATM50K,"Z0KQ      ",39042,10000000000,0,175000000,9825000000,,0,,,REPLENISH
"1849      ",ATM50K,"Z0KZ      ",47007,20000000000,0,7085000000,12915000000,,0,,,REPLENISH
"1857      ",ATM100K,"Z0L7      ",47007,,0,,,80000000000,0,7030000000,72970000000,REPLENISH
"1866      ",ATM50K,"Z0LF      ",47007,27500000000,0,3690000000,23810000000,,0,,,REPLENISH
"1889      ",ATM50K,"Z0M1      ",37007,20000000000,0,655000000,19345000000,,0,,,REPLENISH
"1892      ",ATM50K,"Z0M4      ",34035,30000000000,0,3110000000,26890000000,,0,,,REPLENISH
"1896      ",ATM50K,"Z0M8      ",47007,36000000000,0,5865000000,30135000000,,0,,,REPLENISH
"1904      ",ATM50K,"Z0MG      ",47007,33500000000,0,8585000000,24915000000,,0,,,CURRENT
"1910      ",ATM50K,"Z0MM      ",34000,15000000000,0,260000000,14740000000,,0,,,REPLENISH
"1914      ",ATM100K,"Z0MQ      ",47007,,0,,,31000000000,0,17300000000,13700000000,CURRENT
"1935      ",ATM100K,"Z0N6      ",47007,,0,,,28000000000,0,2240000000,25760000000,REPLENISH
"1945      ",ATM50K,"Z0NA      ",47007,18000000000,0,1520000000,16480000000,,0,,,REPLENISH
"1954      ",ATM50K,"Z0NH      ",47007,20000000000,0,1595000000,18405000000,,0,,,CURRENT
"1958      ",ATM50K,"Z0NK      ",47007,40000000000,0,1065000000,38935000000,,0,,,REPLENISH
"1960      ",ATM50K,"Z0NM      ",47007,23000000000,0,5045000000,17955000000,,0,,,CURRENT
"1967      ",ATM50K,"Z0NS      ",47007,40000000000,0,11260000000,28740000000,,0,,,REPLENISH
"1980      ",ATM50K,"Z0O4      ",32000,15000000000,0,0,15000000000,,0,,,REPLENISH
"1982      ",ATM50K,"Z0O6      ",39089,5000000000,0,4970000000,30000000,,0,,,REPLENISH
"2000      ",ATM100K,"Z0OM      ",20024,,0,,,20000000000,0,680000000,19320000000,REPLENISH
"2010      ",ATM50K,"Z0OV      ",47007,10000000000,0,4690000000,5310000000,,0,,,CURRENT
"2013      ",ATM50K,"Z0OY      ",47007,14000000000,0,3660000000,10340000000,,0,,,CURRENT
"2016      ",ATM100K,"Z0P1      ",47007,,0,,,40000000000,0,28320000000,11680000000,CURRENT
"2017      ",ATM50K,"Z4BN      ",47007,36000000000,0,9370000000,26630000000,,0,,,CURRENT
"2020      ",ATM100K,"Z0P3      ",34043,,0,,,20000000000,0,7560000000,12440000000,CURRENT
"2023      ",ATM50K,"Z4BR      ",47007,25000000000,0,19665000000,5335000000,,0,,,CURRENT
"2029      ",ATM50K,"Z4BW      ",47007,40000000000,0,34835000000,5165000000,,0,,,CURRENT
"2038      ",ATM100K,"Z4C3      ",47007,,0,,,75000000000,0,32960000000,42040000000,CURRENT
"2039      ",ATM50K,"Z4C4      ",47007,40000000000,0,21965000000,18035000000,,0,,,CURRENT
"2055      ",ATM100K,"Z0PB      ",23020,,0,,,30000000000,0,530000000,29470000000,REPLENISH
"2095      ",ATM100K,"Z0PI      ",27004,,0,,,20000000000,0,50000000,19950000000,REPLENISH
"2110      ",ATM100K,"Z0PK      ",8027,,0,,,10000000000,0,60000000,9940000000,REPLENISH
"2150      ",ATM100K,"Z0PP      ",37009,,0,,,30000000000,0,2090000000,27910000000,REPLENISH
"2155      ",ATM50K,"Z0PQ      ",47007,10000000000,0,300000000,9700000000,,0,,,REPLENISH
"2200      ",ATM100K,"Z0PX      ",27501,,0,,,40000000000,0,9130000000,30870000000,REPLENISH
"2225      ",ATM100K,"Z0Q2      ",39031,,0,,,30000000000,0,400000000,29600000000,REPLENISH
"2240      ",ATM100K,"Z0Q4      ",27505,,0,,,20000000000,0,19800000000,200000000,CURRENT
"2250      ",ATM100K,"Z0Q5      ",27512,,0,,,40000000000,0,4280000000,35720000000,REPLENISH
"2260      ",ATM100K,"Z0Q7      ",27507,,0,,,30000000000,0,70000000,29930000000,REPLENISH
"2270      ",ATM100K,"Z0Q9      ",27500,,0,,,30000000000,0,3020000000,26980000000,REPLENISH
"2275      ",ATM100K,"Z0QA      ",43000,,0,,,20000000000,0,1140000000,18860000000,REPLENISH
"2305      ",ATM100K,"Z0QG      ",47007,,0,,,75000000000,0,32820000000,42180000000,CURRENT
"2315      ",ATM100K,"Z0QI      ",47007,,0,,,10000000000,0,4620000000,5380000000,CURRENT
"2335      ",ATM100K,"Z0QM      ",47007,,0,,,40000000000,0,7850000000,32150000000,CURRENT
"2350      ",ATM100K,"Z0QO      ",27520,,0,,,20000000000,0,15760000000,4240000000,CURRENT
"2360      ",ATM100K,"Z0QP      ",29000,,0,,,20000000000,0,840000000,19160000000,REPLENISH
"2420      ",ATM50K,"Z0QX      ",34011,30000000000,0,2310000000,27690000000,,0,,,REPLENISH
"2440      ",ATM50K,"Z0R1      ",47007,20000000000,0,16320000000,3680000000,,0,,,CURRENT
"2450      ",ATM100K,"Z0R3      ",39083,,0,,,35000000000,0,6030000000,28970000000,REPLENISH
"2500      ",ATM100K,"Z0RC      ",8018,,0,,,10000000000,0,1780000000,8220000000,CURRENT
"2580      ",ATM100K,"Z0RQ      ",16022,,0,,,20000000000,0,4030000000,15970000000,CURRENT
"2600      ",ATM50K,"Z0RU      ",39031,20000000000,0,1725000000,18275000000,,0,,,REPLENISH
"2610      ",ATM100K,"Z0RW      ",29026,,0,,,20000000000,0,12270000000,7730000000,CURRENT
"2620      ",ATM50K,"Z0RY      ",23020,15000000000,0,170000000,14830000000,,0,,,REPLENISH
"2635      ",ATM100K,"Z0S1      ",8037,,0,,,20000000000,0,210000000,19790000000,REPLENISH
"2640      ",ATM50K,"Z0S2      ",31002,10000000000,0,85000000,9915000000,,0,,,REPLENISH
"2670      ",ATM50K,"Z0S6      ",29014,20000000000,0,590000000,19410000000,,0,,,REPLENISH
"2685      ",ATM100K,"Z0S8      ",29021,,0,,,25000000000,0,10000000,24990000000,REPLENISH
"2710      ",ATM50K,"Z0SD      ",24008,10000000000,0,5900000000,4100000000,,0,,,CURRENT
"2745      ",ATM50K,"Z0SG      ",47007,40000000000,0,3310000000,36690000000,,0,,,REPLENISH
"2780      ",ATM100K,"Z0SM      ",23037,,0,,,20000000000,0,1670000000,18330000000,REPLENISH
"2830      ",ATM100K,"Z0SU      ",20007,,0,,,40000000000,0,340000000,39660000000,REPLENISH
"2905      ",ATM100K,"Z0T3      ",37006,,0,,,40000000000,0,500000000,39500000000,REPLENISH
"2910      ",ATM100K,"Z0T4      ",31500,,0,,,20000000000,0,10000000,19990000000,REPLENISH
"2960      ",ATM50K,"Z0TB      ",39069,10000000000,0,955000000,9045000000,,0,,,REPLENISH
"2975      ",ATM50K,"Z0TD      ",47007,18000000000,0,5050000000,12950000000,,0,,,REPLENISH
"2980      ",ATM100K,"Z0TE      ",27523,,0,,,30000000000,0,0,30000000000,REPLENISH
"3005      ",ATM100K,"Z0TM      ",39066,,0,,,20000000000,0,1850000000,18150000000,REPLENISH
"3006      ",ATM100K,"Z0TN      ",47007,,0,,,70000000000,0,33290000000,36710000000,CURRENT
"3007      ",ATM100K,"Z0TO      ",47007,,0,,,80000000000,0,57550000000,22450000000,CURRENT
"3030      ",ATM50K,"Z0UB      ",29005,10000000000,0,1720000000,8280000000,,0,,,CURRENT
"3040      ",ATM100K,"Z0UL      ",8005,,0,,,30000000000,0,370000000,29630000000,REPLENISH
"3046      ",ATM50K,"Z0UR      ",47007,40000000000,0,520000000,39480000000,,0,,,REPLENISH
"3055      ",ATM50K,"Z0UZ      ",47007,20500000000,0,9805000000,10695000000,,0,,,CURRENT
"3060      ",ATM50K,"Z0V4      ",8008,10000000000,0,345000000,9655000000,,0,,,REPLENISH
"3061      ",ATM50K,"Z0V5      ",47007,30000000000,0,3930000000,26070000000,,0,,,CURRENT
"3065      ",ATM50K,"Z0V9      ",47007,40000000000,0,3300000000,36700000000,,0,,,REPLENISH
"3074      ",ATM50K,"Z0VG      ",47007,25000000000,0,8865000000,16135000000,,0,,,CURRENT
"3084      ",ATM50K,"Z0VO      ",47007,19500000000,0,15765000000,3735000000,,0,,,CURRENT
"3090      ",ATM50K,"Z0VU      ",20007,20000000000,0,85000000,19915000000,,0,,,REPLENISH
"3108      ",ATM50K,"Z0W9      ",47007,20000000000,0,5195000000,14805000000,,0,,,CURRENT
"3115      ",ATM50K,"Z0WG      ",39053,15000000000,0,285000000,14715000000,,0,,,REPLENISH
"3118      ",ATM50K,"Z0WJ      ",47007,20000000000,0,11845000000,8155000000,,0,,,CURRENT
"3120      ",ATM50K,"Z0WL      ",47007,15000000000,0,11495000000,3505000000,,0,,,CURRENT
"3127      ",ATM50K,"Z0WS      ",47007,34500000000,0,155000000,34345000000,,0,,,REPLENISH
"3129      ",ATM50K,"Z0WU      ",47007,18500000000,0,5170000000,13330000000,,0,,,CURRENT
"3130      ",ATM50K,"Z0WV      ",47007,15000000000,0,10805000000,4195000000,,0,,,CURRENT
"3141      ",ATM100K,"Z0X5      ",47007,,0,,,40000000000,0,1120000000,38880000000,REPLENISH
"3158      ",ATM50K,"Z0XF      ",47007,20000000000,0,35000000,19965000000,,0,,,REPLENISH
"3171      ",ATM50K,"Z0XS      ",47007,40000000000,0,5875000000,34125000000,,0,,,REPLENISH
"3189      ",ATM50K,"Z0YA      ",47007,30000000000,0,17515000000,12485000000,,0,,,CURRENT
"3191      ",ATM50K,"Z0YC      ",47007,34500000000,0,18525000000,15975000000,,0,,,CURRENT
"3192      ",ATM50K,"Z0YD      ",47007,40000000000,0,8405000000,31595000000,,0,,,CURRENT
"3196      ",ATM50K,"Z0YH      ",47007,40000000000,0,24680000000,15320000000,,0,,,CURRENT
"3197      ",ATM50K,"Z0YI      ",47007,40000000000,0,25510000000,14490000000,,0,,,CURRENT
"3199      ",ATM50K,"Z0YK      ",45502,20000000000,0,3425000000,16575000000,,0,,,CURRENT
"3218      ",ATM50K,"Z0Z3      ",47007,20000000000,0,2710000000,17290000000,,0,,,REPLENISH
"3230      ",ATM100K,"Z0ZF      ",4012,,0,,,20000000000,0,6760000000,13240000000,REPLENISH
"3232      ",ATM50K,"Z0ZH      ",47007,20000000000,0,4885000000,15115000000,,0,,,CURRENT
"3240      ",ATM50K,"Z0ZP      ",32000,15000000000,0,725000000,14275000000,,0,,,REPLENISH
"3241      ",ATM50K,"Z0ZQ      ",47007,25000000000,0,13350000000,11650000000,,0,,,CURRENT
"3247      ",ATM50K,"Z0ZW      ",47007,33000000000,0,3060000000,29940000000,,0,,,REPLENISH
"3250      ",ATM50K,"Z0ZZ      ",47007,40000000000,0,32270000000,7730000000,,0,,,CURRENT
"3253      ",ATM50K,"Z102      ",47007,30000000000,0,9650000000,20350000000,,0,,,CURRENT
"3259      ",ATM50K,"Z108      ",47007,20500000000,0,4640000000,15860000000,,0,,,CURRENT
"3261      ",ATM50K,"Z10A      ",47007,30000000000,0,16200000000,13800000000,,0,,,CURRENT
"3265      ",ATM50K,"Z10E      ",47007,25000000000,0,13510000000,11490000000,,0,,,CURRENT
"3280      ",ATM100K,"Z10Q      ",47007,,0,,,44000000000,0,6490000000,37510000000,CURRENT
"3296      ",ATM50K,"Z112      ",47007,37500000000,0,33035000000,4465000000,,0,,,CURRENT
"3297      ",ATM50K,"Z113      ",47007,16500000000,0,1120000000,15380000000,,0,,,REPLENISH
"3308      ",ATM50K,"Z11D      ",47007,8000000000,0,715000000,7285000000,,0,,,CURRENT
"3309      ",ATM50K,"Z11E      ",47007,10000000000,0,2245000000,7755000000,,0,,,CURRENT
"3310      ",ATM100K,"Z11F      ",47007,,0,,,44000000000,0,22230000000,21770000000,CURRENT
"3323      ",ATM50K,"Z11R      ",47007,10000000000,0,2020000000,7980000000,,0,,,CURRENT
"3324      ",ATM50K,"Z11S      ",47007,25000000000,0,12745000000,12255000000,,0,,,CURRENT
"3329      ",ATM50K,"Z11W      ",47007,20000000000,0,4045000000,15955000000,,0,,,CURRENT
"3336      ",ATM50K,"Z123      ",47007,15000000000,0,1425000000,13575000000,,0,,,CURRENT
"3340      ",ATM50K,"Z127      ",29014,20000000000,0,625000000,19375000000,,0,,,REPLENISH
"3367      ",ATM50K,"Z12V      ",47007,20000000000,0,12810000000,7190000000,,0,,,CURRENT
"3377      ",ATM50K,"Z134      ",47007,40000000000,0,23600000000,16400000000,,0,,,CURRENT
"3390      ",ATM100K,"Z13H      ",29029,,0,,,20000000000,0,0,20000000000,REPLENISH
"3393      ",ATM100K,"Z13J      ",24050,,0,,,30000000000,0,1390000000,28610000000,REPLENISH
"3397      ",ATM100K,"Z13N      ",47007,,0,,,20000000000,0,7360000000,12640000000,CURRENT
"3398      ",ATM100K,"Z13O      ",24040,,0,,,60000000000,0,4020000000,55980000000,REPLENISH
"3425      ",ATM50K,"Z14F      ",31501,10000000000,0,50000000,9950000000,,0,,,REPLENISH
"3429      ",ATM50K,"Z14J      ",27505,10000000000,0,4250000000,5750000000,,0,,,CURRENT
"3451      ",ATM50K,"Z152      ",45501,10000000000,0,70000000,9930000000,,0,,,REPLENISH
"3452      ",ATM50K,"Z153      ",47007,40000000000,0,8855000000,31145000000,,0,,,REPLENISH
"3453      ",ATM50K,"Z154      ",47007,27000000000,0,10075000000,16925000000,,0,,,CURRENT
"3456      ",ATM50K,"Z157      ",31007,20000000000,0,1585000000,18415000000,,0,,,REPLENISH
"3458      ",ATM50K,"Z159      ",31012,10000000000,0,5595000000,4405000000,,0,,,CURRENT
"3461      ",ATM100K,"Z15B      ",34070,,0,,,30000000000,0,1300000000,28700000000,REPLENISH
"3476      ",ATM50K,"Z15Q      ",47007,30000000000,0,2910000000,27090000000,,0,,,REPLENISH
"3483      ",ATM50K,"Z15X      ",47007,30000000000,0,17895000000,12105000000,,0,,,CURRENT
"3487      ",ATM50K,"Z160      ",47007,40000000000,0,20765000000,19235000000,,0,,,CURRENT
"3510      ",ATM50K,"Z16M      ",20017,10000000000,0,955000000,9045000000,,0,,,CURRENT
"3517      ",ATM50K,"Z16S      ",47007,26000000000,0,5890000000,20110000000,,0,,,CURRENT
"3526      ",ATM50K,"Z170      ",47007,25000000000,0,275000000,24725000000,,0,,,REPLENISH
"3529      ",ATM50K,"Z173      ",47007,20000000000,0,10605000000,9395000000,,0,,,CURRENT
"3542      ",ATM50K,"Z17E      ",47007,30000000000,0,14095000000,15905000000,,0,,,CURRENT
"3543      ",ATM50K,"Z17F      ",47007,20000000000,0,9205000000,10795000000,,0,,,CURRENT
"3550      ",ATM100K,"Z17K      ",27510,,0,,,30000000000,0,3780000000,26220000000,REPLENISH
"3559      ",ATM50K,"Z17R      ",47007,40000000000,0,910000000,39090000000,,0,,,REPLENISH
"3560      ",ATM50K,"Z17S      ",27520,10000000000,0,3195000000,6805000000,,0,,,CURRENT
"3575      ",ATM100K,"Z8MU      ",47007,,0,,,30000000000,0,21990000000,8010000000,CURRENT
"3592      ",ATM100K,"Z18L      ",34031,,0,,,40000000000,0,2560000000,37440000000,REPLENISH
"3593      ",ATM50K,"Z18M      ",47007,10000000000,0,3060000000,6940000000,,0,,,CURRENT
"3594      ",ATM100K,"Z18N      ",47007,,0,,,20000000000,0,13610000000,6390000000,CURRENT
"3600      ",ATM100K,"Z18T      ",39068,,0,,,15000000000,0,0,15000000000,REPLENISH
"3601      ",ATM50K,"Z18U      ",34063,20000000000,0,1490000000,18510000000,,0,,,REPLENISH
"3608      ",ATM100K,"Z191      ",43503,,0,,,30000000000,0,2740000000,27260000000,REPLENISH
"3611      ",ATM100K,"Z194      ",34030,,0,,,30000000000,0,25880000000,4120000000,CURRENT
"3612      ",ATM50K,"Z195      ",42004,15000000000,0,2005000000,12995000000,,0,,,REPLENISH
"3615      ",ATM50K,"Z198      ",47007,16800000000,0,5685000000,11115000000,,0,,,CURRENT
"3618      ",ATM50K,"Z19B      ",47007,25000000000,0,8920000000,16080000000,,0,,,CURRENT
"3626      ",ATM50K,"Z19J      ",47007,40000000000,0,32685000000,7315000000,,0,,,CURRENT
"3629      ",ATM100K,"Z19M      ",31002,,0,,,20000000000,0,60000000,19940000000,REPLENISH
"3632      ",ATM50K,"Z19P      ",47007,20000000000,0,9015000000,10985000000,,0,,,CURRENT
"3638      ",ATM100K,"Z19V      ",39019,,0,,,10000000000,0,100000000,9900000000,REPLENISH
"3639      ",ATM50K,"Z19W      ",47007,11000000000,0,795000000,10205000000,,0,,,CURRENT
"3647      ",ATM50K,"Z1A2      ",24015,20000000000,0,5245000000,14755000000,,0,,,REPLENISH
"3653      ",ATM50K,"Z1A8      ",47007,25000000000,0,3025000000,21975000000,,0,,,REPLENISH
"3656      ",ATM100K,"Z1AB      ",39022,,0,,,40000000000,0,830000000,39170000000,REPLENISH
"3657      ",ATM50K,"Z1AC      ",47007,21000000000,0,14330000000,6670000000,,0,,,CURRENT
"3665      ",ATM100K,"Z1AK      ",23040,,0,,,18000000000,0,6170000000,11830000000,CURRENT
"3672      ",ATM100K,"Z1AR      ",24038,,0,,,30000000000,0,6100000000,23900000000,REPLENISH
"3690      ",ATM50K,"Z1B9      ",39083,35000000000,0,300000000,34700000000,,0,,,REPLENISH
"3695      ",ATM50K,"Z1BE      ",24035,3000000000,0,1070000000,1930000000,,0,,,REPLENISH
"3700      ",ATM50K,"Z1BJ      ",24016,20000000000,0,200000000,19800000000,,0,,,REPLENISH
"3701      ",ATM50K,"Z1BK      ",39047,15000000000,0,610000000,14390000000,,0,,,REPLENISH
"3704      ",ATM100K,"Z1BN      ",39047,,0,,,30000000000,0,7160000000,22840000000,REPLENISH
"3741      ",ATM100K,"Z1CN      ",47007,,0,,,25000000000,0,16910000000,8090000000,CURRENT
"3756      ",ATM50K,"Z1D1      ",47007,28000000000,0,20190000000,7810000000,,0,,,CURRENT
"3757      ",ATM50K,"Z1D2      ",47007,30000000000,0,7255000000,22745000000,,0,,,CURRENT
"3761      ",ATM50K,"Z1D6      ",47007,20000000000,0,1005000000,18995000000,,0,,,REPLENISH
"3762      ",ATM50K,"Z1D7      ",47007,25000000000,0,2125000000,22875000000,,0,,,REPLENISH
"3764      ",ATM50K,"Z1D9      ",47007,20000000000,0,4265000000,15735000000,,0,,,CURRENT
"3770      ",ATM100K,"Z1DF      ",20013,,0,,,30000000000,0,0,30000000000,REPLENISH
"3775      ",ATM50K,"Z1DK      ",24033,20000000000,0,420000000,19580000000,,0,,,REPLENISH
"3780      ",ATM50K,"Z1DP      ",29027,10000000000,0,2040000000,7960000000,,0,,,CURRENT
"3785      ",ATM100K,"Z1DU      ",29003,,0,,,10000000000,0,2530000000,7470000000,CURRENT
"3787      ",ATM50K,"Z1DW      ",47007,30000000000,0,2595000000,27405000000,,0,,,REPLENISH
"3796      ",ATM100K,"Z1E5      ",47007,,0,,,75000000000,0,52940000000,22060000000,CURRENT
"3810      ",ATM50K,"Z1EJ      ",39066,10000000000,0,1750000000,8250000000,,0,,,REPLENISH
"3816      ",ATM50K,"Z1EP      ",47007,30000000000,0,13470000000,16530000000,,0,,,CURRENT
"3821      ",ATM100K,"Z1EU      ",47007,,0,,,30000000000,0,6610000000,23390000000,CURRENT
"3826      ",ATM50K,"Z1EZ      ",16017,10000000000,0,1615000000,8385000000,,0,,,CURRENT
"3829      ",ATM100K,"Z1F2      ",45501,,0,,,20000000000,0,0,20000000000,REPLENISH
"3830      ",ATM100K,"Z1F3      ",8032,,0,,,20000000000,0,6650000000,13350000000,CURRENT
"3849      ",ATM100K,"Z1FL      ",24022,,0,,,20000000000,0,9590000000,10410000000,CURRENT
"3853      ",ATM50K,"Z1FP      ",47007,32000000000,0,7810000000,24190000000,,0,,,CURRENT
"3858      ",ATM50K,"Z1FU      ",47007,29500000000,0,17045000000,12455000000,,0,,,CURRENT
"3860      ",ATM100K,"Z1FW      ",39018,,0,,,20000000000,0,800000000,19200000000,REPLENISH
"3865      ",ATM100K,"Z1G1      ",27514,,0,,,40000000000,0,1510000000,38490000000,REPLENISH
"3872      ",ATM100K,"Z1G8      ",47007,,0,,,75000000000,0,28430000000,46570000000,CURRENT
"3876      ",ATM50K,"Z1GC      ",47007,30000000000,0,8465000000,21535000000,,0,,,CURRENT
"3878      ",ATM50K,"Z1GE      ",47007,24500000000,0,3505000000,20995000000,,0,,,REPLENISH
"3879      ",ATM50K,"Z1GF      ",47007,25000000000,0,17480000000,7520000000,,0,,,CURRENT
"3896      ",ATM50K,"Z1GV      ",47007,38500000000,0,25320000000,13180000000,,0,,,CURRENT
"3898      ",ATM50K,"Z1GX      ",47007,25000000000,0,720000000,24280000000,,0,,,REPLENISH
"3900      ",ATM100K,"Z1GZ      ",37005,,0,,,30000000000,0,0,30000000000,REPLENISH
"3902      ",ATM50K,"Z1H1      ",47007,40000000000,0,21590000000,18410000000,,0,,,CURRENT
"3906      ",ATM50K,"Z1H4      ",47007,20000000000,0,8455000000,11545000000,,0,,,CURRENT
"3914      ",ATM50K,"Z1HB      ",47007,15000000000,0,9865000000,5135000000,,0,,,CURRENT
"3915      ",ATM100K,"Z1HC      ",47007,,0,,,40000000000,0,3210000000,36790000000,CURRENT
"3916      ",ATM100K,"Z1HD      ",47007,,0,,,12500000000,0,3390000000,9110000000,CURRENT
"3925      ",ATM50K,"Z1HM      ",47007,40000000000,0,35210000000,4790000000,,0,,,CURRENT
"3940      ",ATM50K,"Z1HZ      ",24027,15000000000,0,210000000,14790000000,,0,,,REPLENISH
"3950      ",ATM50K,"Z1I8      ",47007,19000000000,0,7115000000,11885000000,,0,,,CURRENT
"3953      ",ATM50K,"Z1IB      ",47007,30000000000,0,165000000,29835000000,,0,,,REPLENISH
"3954      ",ATM50K,"Z1IC      ",47007,21000000000,0,305000000,20695000000,,0,,,REPLENISH
"3964      ",ATM50K,"Z1IL      ",47007,19500000000,0,8285000000,11215000000,,0,,,CURRENT
"3987      ",ATM50K,"Z1J4      ",47007,18000000000,0,13100000000,4900000000,,0,,,CURRENT
"3998      ",ATM50K,"Z1JE      ",47007,13000000000,0,3330000000,9670000000,,0,,,REPLENISH
"4002      ",ATM50K,"Z1JI      ",47007,36000000000,0,3250000000,32750000000,,0,,,REPLENISH
"4004      ",ATM50K,"Z1JK      ",47007,31500000000,0,15855000000,15645000000,,0,,,CURRENT
"4014      ",ATM50K,"Z1JT      ",47007,21000000000,0,2315000000,18685000000,,0,,,CURRENT
"4017      ",ATM50K,"Z1JV      ",47007,32000000000,0,20990000000,11010000000,,0,,,CURRENT
"4019      ",ATM50K,"Z1JX      ",47007,37500000000,0,22885000000,14615000000,,0,,,CURRENT
"4026      ",ATM50K,"Z1K2      ",47007,36000000000,0,7855000000,28145000000,,0,,,CURRENT
"4030      ",ATM50K,"Z1K6      ",34023,20000000000,0,4680000000,15320000000,,0,,,REPLENISH
"4046      ",ATM50K,"Z1KK      ",47007,30000000000,0,22645000000,7355000000,,0,,,CURRENT
"4050      ",ATM50K,"Z1KO      ",8037,10000000000,0,5680000000,4320000000,,0,,,CURRENT
"4068      ",ATM50K,"Z1L4      ",47007,40000000000,0,21065000000,18935000000,,0,,,CURRENT
"4069      ",ATM50K,"Z1L5      ",47007,11000000000,0,3235000000,7765000000,,0,,,REPLENISH
"4071      ",ATM50K,"Z1L7      ",47007,40000000000,0,6830000000,33170000000,,0,,,CURRENT
"4072      ",ATM50K,"Z1L8      ",47007,30000000000,0,13450000000,16550000000,,0,,,CURRENT
"4078      ",ATM50K,"Z1LD      ",47007,20000000000,0,5555000000,14445000000,,0,,,CURRENT
"4089      ",ATM50K,"Z1LM      ",47007,30000000000,0,12050000000,17950000000,,0,,,CURRENT
"4099      ",ATM100K,"Z2XH      ",45502,,0,,,30000000000,0,5370000000,24630000000,CURRENT
"4100      ",ATM100K,"Z1LU      ",23032,,0,,,50000000000,0,3260000000,46740000000,REPLENISH
"4106      ",ATM50K,"Z2XF      ",24040,30000000000,0,2070000000,27930000000,,0,,,REPLENISH
"4110      ",ATM50K,"Z1LV      ",4000,10000000000,0,490000000,9510000000,,0,,,REPLENISH
"4123      ",ATM50K,"Z2XY      ",47007,37500000000,0,6140000000,31360000000,,0,,,CURRENT
"4128      ",ATM50K,"Z2X4      ",47007,40000000000,0,15600000000,24400000000,,0,,,CURRENT
"4129      ",ATM50K,"Z2X5      ",47007,30000000000,0,12830000000,17170000000,,0,,,CURRENT
"4132      ",ATM50K,"Z2X7      ",47007,10000000000,0,1450000000,8550000000,,0,,,CURRENT
"4133      ",ATM50K,"Z2X8      ",47007,20000000000,0,10095000000,9905000000,,0,,,CURRENT
"4138      ",ATM100K,"Z2Y3      ",30500,,0,,,20000000000,0,580000000,19420000000,CURRENT
"4139      ",ATM50K,"Z2Y4      ",34047,20000000000,0,70000000,19930000000,,0,,,REPLENISH
"4141      ",ATM50K,"Z2Y6      ",47007,25000000000,0,4615000000,20385000000,,0,,,CURRENT
"4149      ",ATM100K,"Z2YE      ",47007,,0,,,40000000000,0,460000000,39540000000,REPLENISH
"4155      ",ATM50K,"Z2YJ      ",47007,25000000000,0,8235000000,16765000000,,0,,,CURRENT
"4159      ",ATM100K,"Z2YN      ",39083,,0,,,35000000000,0,4390000000,30610000000,REPLENISH
"4164      ",ATM50K,"Z2YR      ",47007,40000000000,0,5000000,39995000000,,0,,,REPLENISH
"4170      ",ATM100K,"Z1M0      ",23037,,0,,,20000000000,0,1820000000,18180000000,REPLENISH
"4171      ",ATM100K,"Z2XT      ",47007,,0,,,30000000000,0,6040000000,23960000000,CURRENT
"4178      ",ATM100K,"Z2Z1      ",47007,,0,,,50000000000,0,9290000000,40710000000,REPLENISH
"4179      ",ATM50K,"Z2Z2      ",47007,30000000000,0,21120000000,8880000000,,0,,,CURRENT
"4183      ",ATM100K,"Z2Z5      ",47007,,0,,,40000000000,0,27800000000,12200000000,CURRENT
"4187      ",ATM50K,"Z2Z9      ",47007,14000000000,0,170000000,13830000000,,0,,,REPLENISH
"4196      ",ATM50K,"Z2ZH      ",47007,20000000000,0,13685000000,6315000000,,0,,,CURRENT
"4197      ",ATM50K,"Z2ZI      ",47007,40000000000,0,1790000000,38210000000,,0,,,REPLENISH
"4199      ",ATM50K,"Z2ZK      ",47007,25000000000,0,485000000,24515000000,,0,,,REPLENISH
"4200      ",ATM50K,"Z1M3      ",39051,7500000000,0,1445000000,6055000000,,0,,,CURRENT
"4210      ",ATM100K,"Z1M4      ",39056,,0,,,30000000000,0,2240000000,27760000000,REPLENISH
"4217      ",ATM50K,"Z300      ",47007,37500000000,0,18290000000,19210000000,,0,,,CURRENT
"4233      ",ATM50K,"Z30E      ",47007,40000000000,0,1270000000,38730000000,,0,,,REPLENISH
"4237      ",ATM50K,"Z30I      ",47007,32500000000,0,15485000000,17015000000,,0,,,CURRENT
"4239      ",ATM50K,"Z30K      ",47007,30000000000,0,10960000000,19040000000,,0,,,CURRENT
"4241      ",ATM50K,"Z30L      ",47007,30000000000,0,8160000000,21840000000,,0,,,CURRENT
"4246      ",ATM50K,"Z30Q      ",47007,36000000000,0,5140000000,30860000000,,0,,,REPLENISH
"4253      ",ATM50K,"Z30W      ",47007,30000000000,0,12380000000,17620000000,,0,,,CURRENT
"4258      ",ATM50K,"Z311      ",47007,25000000000,0,15720000000,9280000000,,0,,,CURRENT
"4271      ",ATM50K,"Z31C      ",47007,33000000000,0,13670000000,19330000000,,0,,,CURRENT
"4272      ",ATM50K,"Z31D      ",47007,37500000000,0,18375000000,19125000000,,0,,,CURRENT
"4281      ",ATM50K,"Z31L      ",47007,30000000000,0,22010000000,7990000000,,0,,,CURRENT
"4283      ",ATM50K,"Z31N      ",47007,30000000000,0,9550000000,20450000000,,0,,,CURRENT
"4286      ",ATM50K,"Z31Q      ",47007,30000000000,0,6800000000,23200000000,,0,,,CURRENT
"4289      ",ATM50K,"Z31T      ",47007,40000000000,0,25855000000,14145000000,,0,,,CURRENT
"4295      ",ATM50K,"Z31Y      ",47007,39500000000,0,19920000000,19580000000,,0,,,CURRENT
"4298      ",ATM50K,"Z321      ",47007,37000000000,0,18120000000,18880000000,,0,,,CURRENT
"4320      ",ATM50K,"Z1MF      ",31500,10000000000,0,20000000,9980000000,,0,,,REPLENISH
"4321      ",ATM100K,"Z32L      ",47007,,0,,,20000000000,0,9970000000,10030000000,CURRENT
"4333      ",ATM50K,"Z32W      ",47007,15000000000,0,3955000000,11045000000,,0,,,CURRENT
"4334      ",ATM50K,"Z32X      ",47007,20000000000,0,12425000000,7575000000,,0,,,CURRENT
"4335      ",ATM50K,"Z32Y      ",47007,35000000000,0,12490000000,22510000000,,0,,,CURRENT
"4347      ",ATM50K,"Z339      ",47007,23000000000,0,4405000000,18595000000,,0,,,REPLENISH
"4350      ",ATM100K,"Z1MI      ",23032,,0,,,50000000000,0,5230000000,44770000000,REPLENISH
"4361      ",ATM100K,"Z33L      ",47007,,0,,,70000000000,0,19310000000,50690000000,CURRENT
"4370      ",ATM100K,"Z1MK      ",27513,,0,,,20000000000,0,760000000,19240000000,REPLENISH
"4378      ",ATM50K,"Z341      ",47007,20000000000,0,11905000000,8095000000,,0,,,CURRENT
"4393      ",ATM50K,"Z34F      ",47007,30000000000,0,7015000000,22985000000,,0,,,CURRENT
"4397      ",ATM50K,"Z34J      ",47007,20000000000,0,10965000000,9035000000,,0,,,CURRENT
"4402      ",ATM50K,"Z34N      ",47007,20000000000,0,3875000000,16125000000,,0,,,CURRENT
"4405      ",ATM50K,"Z34Q      ",47007,40000000000,0,8050000000,31950000000,,0,,,CURRENT
"4410      ",ATM50K,"Z1MN      ",7,10000000000,0,5000000,9995000000,,0,,,REPLENISH
"4417      ",ATM50K,"Z351      ",47007,40000000000,0,10145000000,29855000000,,0,,,CURRENT
"4420      ",ATM50K,"Z1MO      ",47007,20000000000,0,15315000000,4685000000,,0,,,CURRENT
"4431      ",ATM100K,"Z35D      ",47007,,0,,,40000000000,0,33560000000,6440000000,CURRENT
"4436      ",ATM50K,"Z35I      ",47007,30000000000,0,20350000000,9650000000,,0,,,CURRENT
"4438      ",ATM50K,"Z35K      ",47007,23000000000,0,9245000000,13755000000,,0,,,CURRENT
"4439      ",ATM50K,"Z35L      ",47007,36000000000,0,2580000000,33420000000,,0,,,REPLENISH
"4441      ",ATM50K,"Z35M      ",47007,30000000000,0,8430000000,21570000000,,0,,,CURRENT
"4450      ",ATM100K,"Z1MR      ",27511,,0,,,40000000000,0,210000000,39790000000,REPLENISH
"4451      ",ATM50K,"Z35V      ",47007,30000000000,0,9715000000,20285000000,,0,,,CURRENT
"4456      ",ATM50K,"Z360      ",47007,37500000000,0,19435000000,18065000000,,0,,,CURRENT
"4480      ",ATM100K,"Z1MU      ",24028,,0,,,15000000000,0,230000000,14770000000,REPLENISH
"4482      ",ATM50K,"Z36N      ",47007,33500000000,0,19555000000,13945000000,,0,,,CURRENT
"4499      ",ATM50K,"Z373      ",47007,40000000000,0,14205000000,25795000000,,0,,,CURRENT
"4503      ",ATM50K,"Z376      ",47007,30000000000,0,11155000000,18845000000,,0,,,CURRENT
"4505      ",ATM100K,"Z378      ",47007,,0,,,60000000000,0,20650000000,39350000000,CURRENT
"4507      ",ATM50K,"Z37A      ",47007,30000000000,0,20610000000,9390000000,,0,,,CURRENT
"4508      ",ATM100K,"Z37B      ",47007,,0,,,50000000000,0,18100000000,31900000000,CURRENT
"4513      ",ATM50K,"Z37E      ",47007,33500000000,0,14845000000,18655000000,,0,,,CURRENT
"4514      ",ATM50K,"Z37F      ",47007,35500000000,0,10950000000,24550000000,,0,,,CURRENT
"4524      ",ATM50K,"Z37O      ",47007,30000000000,0,10490000000,19510000000,,0,,,CURRENT
"4532      ",ATM50K,"Z37V      ",47007,21000000000,0,16755000000,4245000000,,0,,,CURRENT
"4533      ",ATM100K,"Z37W      ",47007,,0,,,80000000000,0,27160000000,52840000000,CURRENT
"4548      ",ATM50K,"Z38A      ",47007,40000000000,0,670000000,39330000000,,0,,,REPLENISH
"4555      ",ATM50K,"Z38G      ",47007,21000000000,0,13365000000,7635000000,,0,,,CURRENT
"4566      ",ATM50K,"Z38Q      ",47007,36000000000,0,4300000000,31700000000,,0,,,REPLENISH
"4567      ",ATM50K,"Z38R      ",47007,30000000000,0,15070000000,14930000000,,0,,,CURRENT
"4573      ",ATM100K,"Z38X      ",47007,,0,,,29000000000,0,6880000000,22120000000,REPLENISH
"4574      ",ATM50K,"Z38Y      ",47007,27500000000,0,3245000000,24255000000,,0,,,REPLENISH
"4578      ",ATM50K,"Z392      ",47007,40000000000,0,21410000000,18590000000,,0,,,CURRENT
"4582      ",ATM50K,"Z395      ",47007,25000000000,0,18955000000,6045000000,,0,,,CURRENT
"4588      ",ATM50K,"Z39B      ",47007,11000000000,0,1880000000,9120000000,,0,,,REPLENISH
"4591      ",ATM100K,"Z39E      ",47007,,0,,,28000000000,0,2030000000,25970000000,REPLENISH
"4599      ",ATM50K,"Z39M      ",47007,28000000000,0,2625000000,25375000000,,0,,,CURRENT
"4605      ",ATM50K,"Z39R      ",47007,10000000000,0,885000000,9115000000,,0,,,REPLENISH
"4606      ",ATM50K,"Z39S      ",47007,23000000000,0,13595000000,9405000000,,0,,,CURRENT
"4608      ",ATM50K,"Z39U      ",47007,21000000000,0,11515000000,9485000000,,0,,,REPLENISH
"4609      ",ATM50K,"Z39V      ",47007,27000000000,0,8195000000,18805000000,,0,,,CURRENT
"4610      ",ATM100K,"Z1N6      ",34047,,0,,,40000000000,0,1500000000,38500000000,REPLENISH
"4618      ",ATM50K,"Z3A3      ",47007,39000000000,0,18105000000,20895000000,,0,,,CURRENT
"4621      ",ATM50K,"Z3A5      ",47007,19000000000,0,7650000000,11350000000,,0,,,CURRENT
"4629      ",ATM50K,"Z3AD      ",47007,36000000000,0,7380000000,28620000000,,0,,,CURRENT
"4637      ",ATM50K,"Z3AL      ",47007,25000000000,0,20210000000,4790000000,,0,,,CURRENT
"4638      ",ATM50K,"Z3AM      ",47007,25000000000,0,9075000000,15925000000,,0,,,CURRENT
"4646      ",ATM50K,"Z3AT      ",47007,40000000000,0,12455000000,27545000000,,0,,,CURRENT
"4650      ",ATM50K,"Z3AX      ",47007,24000000000,0,9980000000,14020000000,,0,,,CURRENT
"4651      ",ATM50K,"Z3AY      ",47007,19500000000,0,11380000000,8120000000,,0,,,CURRENT
"4656      ",ATM50K,"Z3B3      ",47007,40000000000,0,25110000000,14890000000,,0,,,CURRENT
"4660      ",ATM50K,"Z3B7      ",47007,19500000000,0,6075000000,13425000000,,0,,,CURRENT
"4661      ",ATM100K,"Z3B8      ",47007,,0,,,38000000000,0,12510000000,25490000000,REPLENISH
"4666      ",ATM50K,"Z3BD      ",47007,37500000000,0,25335000000,12165000000,,0,,,CURRENT
"4667      ",ATM50K,"Z3BE      ",47007,22000000000,0,5020000000,16980000000,,0,,,REPLENISH
"4672      ",ATM50K,"Z3BI      ",47007,40000000000,0,21280000000,18720000000,,0,,,CURRENT
"4678      ",ATM100K,"Z3BO      ",47007,,0,,,75000000000,0,34840000000,40160000000,CURRENT
"4681      ",ATM50K,"Z3BQ      ",47007,20000000000,0,7995000000,12005000000,,0,,,CURRENT
"4684      ",ATM50K,"Z3BT      ",47007,20000000000,0,9390000000,10610000000,,0,,,CURRENT
"4686      ",ATM50K,"Z3BV      ",47007,21000000000,0,17295000000,3705000000,,0,,,REPLENISH
"4689      ",ATM50K,"Z3BY      ",47007,40000000000,0,1280000000,38720000000,,0,,,REPLENISH
"4696      ",ATM50K,"Z3C4      ",47007,20000000000,0,3510000000,16490000000,,0,,,REPLENISH
"4698      ",ATM100K,"Z3C6      ",47007,,0,,,80000000000,0,57820000000,22180000000,CURRENT
"4707      ",ATM50K,"Z3CE      ",47007,30000000000,0,5255000000,24745000000,,0,,,CURRENT
"4713      ",ATM50K,"Z3CJ      ",47007,40000000000,0,24550000000,15450000000,,0,,,CURRENT
"4723      ",ATM50K,"Z3CS      ",47007,24500000000,0,7265000000,17235000000,,0,,,CURRENT
"4729      ",ATM50K,"Z3CY      ",47007,38500000000,0,8640000000,29860000000,,0,,,REPLENISH
"4739      ",ATM50K,"Z3D7      ",47007,30000000000,0,18265000000,11735000000,,0,,,CURRENT
"4742      ",ATM50K,"Z3D9      ",47007,40000000000,0,200000000,39800000000,,0,,,REPLENISH
"4752      ",ATM100K,"Z3DI      ",47007,,0,,,40000000000,0,29250000000,10750000000,CURRENT
"4762      ",ATM50K,"Z3DR      ",47007,30000000000,0,17440000000,12560000000,,0,,,CURRENT
"4763      ",ATM50K,"Z3DS      ",47007,30000000000,0,11735000000,18265000000,,0,,,CURRENT
"4764      ",ATM50K,"Z3DT      ",24011,20000000000,0,3865000000,16135000000,,0,,,REPLENISH
"4765      ",ATM100K,"Z3DU      ",24033,,0,,,40000000000,0,1350000000,38650000000,REPLENISH
"4767      ",ATM100K,"Z3DW      ",47007,,0,,,53000000000,0,47980000000,5020000000,CURRENT
"4768      ",ATM50K,"Z3DX      ",47007,15000000000,0,7250000000,7750000000,,0,,,CURRENT
"4778      ",ATM50K,"Z3E6      ",47007,20000000000,0,9530000000,10470000000,,0,,,CURRENT
"4783      ",ATM50K,"Z3EA      ",47007,20000000000,0,12760000000,7240000000,,0,,,CURRENT
"4784      ",ATM50K,"Z3EB      ",47007,30000000000,0,19660000000,10340000000,,0,,,CURRENT
"4789      ",ATM50K,"Z3EG      ",47007,37000000000,0,9195000000,27805000000,,0,,,CURRENT
"4795      ",ATM50K,"Z3EL      ",47007,40000000000,0,10240000000,29760000000,,0,,,CURRENT
"4797      ",ATM100K,"Z3EN      ",47007,,0,,,30000000000,0,15020000000,14980000000,CURRENT
"4800      ",ATM50K,"Z1NM      ",47007,34500000000,0,17155000000,17345000000,,0,,,REPLENISH
"4812      ",ATM50K,"Z3F1      ",47007,20000000000,0,2405000000,17595000000,,0,,,CURRENT
"4835      ",ATM50K,"Z3FN      ",47007,30500000000,0,20645000000,9855000000,,0,,,CURRENT
"4837      ",ATM50K,"Z3FP      ",47007,40000000000,0,4150000000,35850000000,,0,,,REPLENISH
"4844      ",ATM50K,"Z3FV      ",47007,30000000000,0,21665000000,8335000000,,0,,,CURRENT
"4857      ",ATM50K,"Z3G7      ",47007,38000000000,0,2635000000,35365000000,,0,,,REPLENISH
"4861      ",ATM50K,"Z3GA      ",47007,30000000000,0,11845000000,18155000000,,0,,,CURRENT
"4886      ",ATM50K,"Z3GX      ",47007,30000000000,0,20035000000,9965000000,,0,,,CURRENT
"4893      ",ATM50K,"Z3H3      ",47007,30000000000,0,13360000000,16640000000,,0,,,CURRENT
"4894      ",ATM100K,"Z3H4      ",47007,,0,,,42000000000,0,24370000000,17630000000,CURRENT
"4895      ",ATM50K,"Z3H5      ",47007,30500000000,0,9270000000,21230000000,,0,,,CURRENT
"4896      ",ATM50K,"Z3H6      ",47007,34000000000,0,7610000000,26390000000,,0,,,REPLENISH
"4900      ",ATM100K,"Z1NU      ",34070,,0,,,40000000000,0,330000000,39670000000,REPLENISH
"4906      ",ATM50K,"Z3HF      ",47007,29000000000,0,7375000000,21625000000,,0,,,REPLENISH
"4907      ",ATM50K,"Z3HG      ",47007,30000000000,0,14390000000,15610000000,,0,,,CURRENT
"4912      ",ATM50K,"Z3HK      ",47007,34500000000,0,15535000000,18965000000,,0,,,CURRENT
"4940      ",ATM50K,"Z1NY      ",32007,40000000000,0,2200000000,37800000000,,0,,,REPLENISH
"4945      ",ATM50K,"Z3IE      ",47007,30000000000,0,21455000000,8545000000,,0,,,CURRENT
"4951      ",ATM50K,"Z3IJ      ",47007,28000000000,0,2070000000,25930000000,,0,,,REPLENISH
"4956      ",ATM50K,"Z3IO      ",47007,19000000000,0,13100000000,5900000000,,0,,,CURRENT
"4959      ",ATM50K,"Z3IR      ",47007,40000000000,0,27335000000,12665000000,,0,,,CURRENT
"4960      ",ATM50K,"Z1O0      ",39011,10000000000,0,1045000000,8955000000,,0,,,CURRENT
"4961      ",ATM100K,"Z3IS      ",47007,,0,,,28000000000,0,160000000,27840000000,REPLENISH
"4962      ",ATM100K,"Z3IT      ",47007,,0,,,16000000000,0,3510000000,12490000000,CURRENT
"4963      ",ATM100K,"Z3IU      ",47007,,0,,,38000000000,0,12670000000,25330000000,CURRENT
"4968      ",ATM50K,"Z3IZ      ",47007,40000000000,0,26375000000,13625000000,,0,,,CURRENT
"4970      ",ATM100K,"Z1O1      ",39050,,0,,,40000000000,0,4320000000,35680000000,REPLENISH
"4977      ",ATM50K,"Z3J7      ",47007,18500000000,0,13115000000,5385000000,,0,,,CURRENT
"4978      ",ATM100K,"Z3J8      ",47007,,0,,,30000000000,0,13810000000,16190000000,CURRENT
"4982      ",ATM50K,"Z3JB      ",47007,35000000000,0,11705000000,23295000000,,0,,,CURRENT
"4999      ",ATM50K,"Z3JR      ",47007,15000000000,0,6685000000,8315000000,,0,,,CURRENT
"5006      ",ATM50K,"Z3JX      ",47007,10000000000,0,785000000,9215000000,,0,,,CURRENT
"5010      ",ATM50K,"Z1O5      ",47007,10000000000,0,7185000000,2815000000,,0,,,CURRENT
"5017      ",ATM100K,"Z3K7      ",47007,,0,,,40000000000,0,16520000000,23480000000,CURRENT
"5018      ",ATM100K,"Z3K8      ",47007,,0,,,80000000000,0,52640000000,27360000000,CURRENT
"5019      ",ATM100K,"Z3K9      ",47007,,0,,,60000000000,0,27100000000,32900000000,CURRENT
"5024      ",ATM50K,"Z3KD      ",47007,30000000000,0,9860000000,20140000000,,0,,,CURRENT
"5026      ",ATM50K,"Z3KF      ",47007,19500000000,0,14575000000,4925000000,,0,,,CURRENT
"5034      ",ATM50K,"Z3KN      ",27000,8000000000,0,50000000,7950000000,,0,,,REPLENISH
"5060      ",ATM50K,"Z1OA      ",47007,37500000000,0,9545000000,27955000000,,0,,,CURRENT
"5061      ",ATM50K,"Z3LA      ",47007,25000000000,0,15715000000,9285000000,,0,,,CURRENT
"5062      ",ATM50K,"Z3LB      ",47007,15500000000,0,6720000000,8780000000,,0,,,CURRENT
"5065      ",ATM50K,"Z3LE      ",47007,25000000000,0,15270000000,9730000000,,0,,,CURRENT
"5066      ",ATM50K,"Z3LF      ",47007,40000000000,0,1485000000,38515000000,,0,,,REPLENISH
"5071      ",ATM50K,"Z3LJ      ",47007,26500000000,0,11340000000,15160000000,,0,,,CURRENT
"5072      ",ATM50K,"Z3LK      ",47007,23500000000,0,7845000000,15655000000,,0,,,CURRENT
"5081      ",ATM50K,"Z3LS      ",4009,10000000000,0,195000000,9805000000,,0,,,REPLENISH
"5090      ",ATM50K,"Z1OD      ",47007,30000000000,0,21085000000,8915000000,,0,,,CURRENT
"5116      ",ATM50K,"Z3MP      ",47007,27000000000,0,23445000000,3555000000,,0,,,CURRENT
"5144      ",ATM50K,"Z3NH      ",47007,30000000000,0,13465000000,16535000000,,0,,,CURRENT
"5151      ",ATM50K,"Z3NN      ",47007,40000000000,0,13770000000,26230000000,,0,,,CURRENT
"5174      ",ATM50K,"Z3O9      ",47007,30000000000,0,21460000000,8540000000,,0,,,CURRENT
"5180      ",ATM50K,"Z1OH      ",47007,40000000000,0,26000000000,14000000000,,0,,,CURRENT
"5181      ",ATM50K,"Z3OF      ",47007,10000000000,0,6525000000,3475000000,,0,,,CURRENT
"5182      ",ATM100K,"Z3OG      ",47007,,0,,,40000000000,0,15060000000,24940000000,CURRENT
"5195      ",ATM100K,"Z3OS      ",47007,,0,,,21600000000,0,8530000000,13070000000,CURRENT
"5196      ",ATM50K,"Z3OT      ",47007,22800000000,0,7760000000,15040000000,,0,,,CURRENT
"5250      ",ATM50K,"Z1ON      ",47007,20000000000,0,7570000000,12430000000,,0,,,CURRENT
"5270      ",ATM50K,"Z1OP      ",37004,20000000000,0,2160000000,17840000000,,0,,,REPLENISH
"5310      ",ATM100K,"Z3P6      ",47007,,0,,,52000000000,0,13210000000,38790000000,CURRENT
"5311      ",ATM50K,"Z3P7      ",47007,35000000000,0,1300000000,33700000000,,0,,,REPLENISH
"5316      ",ATM50K,"Z3PC      ",47007,15000000000,0,2420000000,12580000000,,0,,,CURRENT
"5325      ",ATM100K,"Z3PI      ",47007,,0,,,40000000000,0,20110000000,19890000000,CURRENT
"5330      ",ATM100K,"Z3PN      ",47007,,0,,,56000000000,0,2520000000,53480000000,REPLENISH
"5347      ",ATM50K,"Z3Q5      ",47007,25000000000,0,15060000000,9940000000,,0,,,CURRENT
"5364      ",ATM100K,"Z3QL      ",47007,,0,,,14000000000,0,2060000000,11940000000,CURRENT
"5375      ",ATM50K,"Z3QV      ",47007,33000000000,0,10460000000,22540000000,,0,,,CURRENT
"5382      ",ATM50K,"Z3R3      ",47007,10000000000,0,1590000000,8410000000,,0,,,REPLENISH
"5385      ",ATM50K,"Z3R6      ",47007,20000000000,0,12655000000,7345000000,,0,,,CURRENT
"5387      ",ATM50K,"Z3R8      ",47007,30000000000,0,11005000000,18995000000,,0,,,CURRENT
"5399      ",ATM50K,"Z3RJ      ",47007,34000000000,0,10915000000,23085000000,,0,,,CURRENT
"5409      ",ATM50K,"Z3RS      ",47007,33500000000,0,2195000000,31305000000,,0,,,REPLENISH
"5410      ",ATM100K,"Z3RT      ",47007,,0,,,43200000000,0,14610000000,28590000000,CURRENT
"5415      ",ATM50K,"Z3RY      ",47007,20000000000,0,18430000000,1570000000,,0,,,CURRENT
"5431      ",ATM50K,"Z3SE      ",47007,21000000000,0,7175000000,13825000000,,0,,,REPLENISH
"5438      ",ATM50K,"Z3SL      ",47007,40000000000,0,11475000000,28525000000,,0,,,REPLENISH
"5444      ",ATM50K,"Z3SQ      ",47007,10500000000,0,660000000,9840000000,,0,,,REPLENISH
"5448      ",ATM50K,"Z3SU      ",47007,30000000000,0,14825000000,15175000000,,0,,,CURRENT
"5452      ",ATM50K,"Z3SX      ",47007,32000000000,0,6160000000,25840000000,,0,,,CURRENT
"5458      ",ATM50K,"Z3T3      ",47007,40000000000,0,13820000000,26180000000,,0,,,CURRENT
"5460      ",ATM100K,"Z1P4      ",32000,,0,,,30000000000,0,290000000,29710000000,REPLENISH
"5467      ",ATM50K,"Z3TB      ",47007,40000000000,0,14060000000,25940000000,,0,,,CURRENT
"5469      ",ATM50K,"Z3TD      ",47007,33500000000,0,1460000000,32040000000,,0,,,REPLENISH
"5471      ",ATM50K,"Z3TE      ",47007,30000000000,0,25700000000,4300000000,,0,,,CURRENT
"5477      ",ATM50K,"Z3TK      ",47007,23000000000,0,4525000000,18475000000,,0,,,CURRENT
"5482      ",ATM50K,"Z3TO      ",47007,26500000000,0,8755000000,17745000000,,0,,,CURRENT
"5499      ",ATM50K,"Z3U4      ",47007,13500000000,0,4025000000,9475000000,,0,,,CURRENT
"5500      ",ATM50K,"Z1P8      ",27501,15000000000,0,880000000,14120000000,,0,,,REPLENISH
"5501      ",ATM50K,"Z3U5      ",47007,30000000000,0,14740000000,15260000000,,0,,,CURRENT
"5510      ",ATM50K,"Z1P9      ",47007,20500000000,0,3925000000,16575000000,,0,,,REPLENISH
"5519      ",ATM50K,"Z3UM      ",47007,35000000000,0,20135000000,14865000000,,0,,,CURRENT
"5535      ",ATM50K,"Z3V1      ",47007,40000000000,0,16015000000,23985000000,,0,,,CURRENT
"5538      ",ATM50K,"Z3V4      ",47007,25000000000,0,19610000000,5390000000,,0,,,CURRENT
"5545      ",ATM50K,"Z3VA      ",47007,31500000000,0,21750000000,9750000000,,0,,,CURRENT
"5554      ",ATM100K,"Z3VI      ",23010,,0,,,20000000000,0,50000000,19950000000,REPLENISH
"5559      ",ATM50K,"Z3VN      ",47007,15000000000,0,10360000000,4640000000,,0,,,CURRENT
"5565      ",ATM50K,"Z3VT      ",47007,37500000000,0,9170000000,28330000000,,0,,,CURRENT
"5570      ",ATM100K,"Z1PE      ",39055,,0,,,15000000000,0,9630000000,5370000000,CURRENT
"5585      ",ATM50K,"Z3WC      ",47007,18000000000,0,1065000000,16935000000,,0,,,REPLENISH
"5588      ",ATM50K,"Z3WF      ",47007,40000000000,0,26050000000,13950000000,,0,,,CURRENT
"5591      ",ATM100K,"Z3WI      ",47007,,0,,,23000000000,0,2090000000,20910000000,REPLENISH
"5599      ",ATM50K,"Z3WQ      ",47007,20000000000,0,2945000000,17055000000,,0,,,REPLENISH
"5601      ",ATM50K,"Z3WS      ",47007,20000000000,0,11930000000,8070000000,,0,,,CURRENT
"5607      ",ATM100K,"Z3WY      ",47007,,0,,,10000000000,0,5410000000,4590000000,CURRENT
"5610      ",ATM50K,"Z1PG      ",34030,12500000000,0,375000000,12125000000,,0,,,REPLENISH
"5620      ",ATM50K,"Z3XA      ",47007,27000000000,0,14090000000,12910000000,,0,,,CURRENT
"5623      ",ATM50K,"Z3XD      ",47007,17500000000,0,295000000,17205000000,,0,,,REPLENISH
"5625      ",ATM50K,"Z3XF      ",47007,40000000000,0,23120000000,16880000000,,0,,,CURRENT
"5628      ",ATM50K,"Z3XH      ",47007,40000000000,0,12025000000,27975000000,,0,,,CURRENT
"5629      ",ATM50K,"Z3XI      ",47007,40000000000,0,20000000,39980000000,,0,,,REPLENISH
"5631      ",ATM50K,"Z3XK      ",47007,25000000000,0,9080000000,15920000000,,0,,,CURRENT
"5635      ",ATM50K,"Z3XO      ",47007,30000000000,0,14900000000,15100000000,,0,,,CURRENT
"5638      ",ATM50K,"Z3XR      ",47007,14000000000,0,1030000000,12970000000,,0,,,REPLENISH
"5643      ",ATM50K,"Z3XV      ",47007,30000000000,0,15810000000,14190000000,,0,,,CURRENT
"5645      ",ATM50K,"Z3XX      ",47007,22500000000,0,8110000000,14390000000,,0,,,CURRENT
"5653      ",ATM50K,"Z3Y4      ",47007,13500000000,0,2505000000,10995000000,,0,,,REPLENISH
"5658      ",ATM50K,"Z3Y9      ",47007,36000000000,0,18850000000,17150000000,,0,,,CURRENT
"5665      ",ATM50K,"Z3YF      ",47007,29500000000,0,20330000000,9170000000,,0,,,CURRENT
"5667      ",ATM50K,"Z3YH      ",47007,40000000000,0,31330000000,8670000000,,0,,,CURRENT
"5672      ",ATM50K,"Z3YM      ",47007,30000000000,0,9955000000,20045000000,,0,,,CURRENT
"5702      ",ATM50K,"Z3ZD      ",47007,22500000000,0,15490000000,7010000000,,0,,,CURRENT
"5713      ",ATM50K,"Z3ZN      ",47007,37500000000,0,24835000000,12665000000,,0,,,CURRENT
"5715      ",ATM50K,"Z3ZP      ",47007,23500000000,0,2550000000,20950000000,,0,,,REPLENISH
"5728      ",ATM100K,"Z401      ",47007,,0,,,20000000000,0,1970000000,18030000000,REPLENISH
"5729      ",ATM50K,"Z402      ",47007,15000000000,0,1670000000,13330000000,,0,,,REPLENISH
"5746      ",ATM50K,"Z40I      ",47007,30000000000,0,10985000000,19015000000,,0,,,CURRENT
"5748      ",ATM100K,"Z40K      ",47007,,0,,,18000000000,0,3060000000,14940000000,CURRENT
"5749      ",ATM100K,"Z40L      ",47007,,0,,,12000000000,0,1790000000,10210000000,CURRENT
"5773      ",ATM50K,"Z413      ",47007,26500000000,0,16585000000,9915000000,,0,,,CURRENT
"5799      ",ATM50K,"Z41R      ",47007,30000000000,0,16130000000,13870000000,,0,,,CURRENT
"5809      ",ATM50K,"Z45G      ",47007,20000000000,0,11885000000,8115000000,,0,,,CURRENT
"5823      ",ATM100K,"Z423      ",47007,,0,,,39600000000,0,29040000000,10560000000,CURRENT
"5824      ",ATM100K,"Z424      ",47007,,0,,,12000000000,0,3110000000,8890000000,CURRENT
"5825      ",ATM100K,"Z425      ",47007,,0,,,40000000000,0,15260000000,24740000000,CURRENT
"5826      ",ATM100K,"Z426      ",47007,,0,,,26400000000,0,9050000000,17350000000,CURRENT
"5840      ",ATM100K,"Z1PX      ",23010,,0,,,20000000000,0,1190000000,18810000000,REPLENISH
"5862      ",ATM50K,"Z432      ",47007,18500000000,0,2500000000,16000000000,,0,,,REPLENISH
"5885      ",ATM50K,"Z43O      ",47007,40000000000,0,32105000000,7895000000,,0,,,CURRENT
"5900      ",ATM50K,"Z442      ",47007,26000000000,0,9820000000,16180000000,,0,,,CURRENT
"5904      ",ATM100K,"Z446      ",47007,,0,,,60000000000,0,4150000000,55850000000,CURRENT
"5926      ",ATM50K,"Z44P      ",47007,40000000000,0,2985000000,37015000000,,0,,,REPLENISH
"5931      ",ATM50K,"Z44T      ",47007,20000000000,0,4325000000,15675000000,,0,,,CURRENT
"5970      ",ATM100K,"Z1Q8      ",16032,,0,,,40000000000,0,9910000000,30090000000,CURRENT
"5982      ",ATM50K,"Z46E      ",47007,34000000000,0,24115000000,9885000000,,0,,,CURRENT
"5986      ",ATM100K,"Z46I      ",47007,,0,,,75000000000,0,59850000000,15150000000,CURRENT
"5987      ",ATM100K,"Z46J      ",47007,,0,,,75000000000,0,8220000000,66780000000,REPLENISH
"5992      ",ATM50K,"Z46N      ",47007,18000000000,0,530000000,17470000000,,0,,,REPLENISH
"6001      ",ATM100K,"Z46W      ",39042,,0,,,10000000000,0,6240000000,3760000000,CURRENT
"6002      ",ATM100K,"Z46X      ",34011,,0,,,40000000000,0,7970000000,32030000000,REPLENISH
"6007      ",ATM50K,"Z1QI      ",47007,40000000000,0,5510000000,34490000000,,0,,,CURRENT
"6019      ",ATM50K,"Z1QT      ",47007,40000000000,0,33840000000,6160000000,,0,,,CURRENT
"6021      ",ATM50K,"Z470      ",47007,10000000000,0,2650000000,7350000000,,0,,,CURRENT
"6025      ",ATM100K,"Z1QZ      ",40,,0,,,20000000000,0,1760000000,18240000000,REPLENISH
"6027      ",ATM100K,"Z471      ",47007,,0,,,10000000000,0,6590000000,3410000000,CURRENT
"6029      ",ATM50K,"Z472      ",47007,10000000000,0,1730000000,8270000000,,0,,,CURRENT
"6036      ",ATM50K,"Z1RA      ",47007,40000000000,0,25555000000,14445000000,,0,,,CURRENT
"6037      ",ATM100K,"Z473      ",47007,,0,,,20000000000,0,9030000000,10970000000,CURRENT
"6038      ",ATM100K,"Z474      ",43502,,0,,,20000000000,0,40000000,19960000000,REPLENISH
"6041      ",ATM100K,"Z476      ",47007,,0,,,40000000000,0,4600000000,35400000000,REPLENISH
"6047      ",ATM50K,"Z1RL      ",47007,25000000000,0,20910000000,4090000000,,0,,,CURRENT
"6050      ",ATM50K,"Z1RN      ",40,10000000000,0,180000000,9820000000,,0,,,REPLENISH
"6053      ",ATM100K,"Z47A      ",47007,,0,,,40000000000,0,24980000000,15020000000,CURRENT
"6062      ",ATM50K,"Z1RZ      ",47007,18000000000,0,5765000000,12235000000,,0,,,REPLENISH
"6066      ",ATM50K,"Z47D      ",47007,34500000000,0,6845000000,27655000000,,0,,,CURRENT
"6075      ",ATM50K,"Z1SB      ",47007,25000000000,0,14990000000,10010000000,,0,,,CURRENT
"6076      ",ATM50K,"Z1SC      ",47007,25000000000,0,11690000000,13310000000,,0,,,CURRENT
"6077      ",ATM50K,"Z1SD      ",47007,30000000000,0,18825000000,11175000000,,0,,,CURRENT
"6079      ",ATM100K,"Z1SF      ",43504,,0,,,15000000000,0,1960000000,13040000000,REPLENISH
"6080      ",ATM50K,"Z1SG      ",47007,25000000000,0,21005000000,3995000000,,0,,,CURRENT
"6086      ",ATM50K,"Z1SM      ",47007,40000000000,0,25960000000,14040000000,,0,,,CURRENT
"6100      ",ATM50K,"Z47M      ",47007,40000000000,0,22740000000,17260000000,,0,,,CURRENT
"6108      ",ATM50K,"Z1T8      ",47007,37500000000,0,26440000000,11060000000,,0,,,CURRENT
"6111      ",ATM50K,"Z1TB      ",47007,36000000000,0,595000000,35405000000,,0,,,REPLENISH
"6115      ",ATM50K,"Z1TF      ",47007,30000000000,0,3890000000,26110000000,,0,,,REPLENISH
"6116      ",ATM100K,"Z1TG      ",47007,,0,,,60000000000,0,460000000,59540000000,REPLENISH
"6122      ",ATM100K,"Z47Q      ",47007,,0,,,60000000000,0,32650000000,27350000000,CURRENT
"6129      ",ATM50K,"Z1TR      ",47007,34000000000,0,5230000000,28770000000,,0,,,CURRENT
"6131      ",ATM50K,"Z47T      ",47007,20000000000,0,3260000000,16740000000,,0,,,CURRENT
"6133      ",ATM50K,"Z47V      ",47007,20000000000,0,9200000000,10800000000,,0,,,CURRENT
"6135      ",ATM100K,"Z47W      ",47007,,0,,,23000000000,0,10200000000,12800000000,CURRENT
"6139      ",ATM100K,"Z47Y      ",47007,,0,,,40000000000,0,10830000000,29170000000,CURRENT
"6141      ",ATM50K,"Z480      ",47007,19000000000,0,6355000000,12645000000,,0,,,CURRENT
"6182      ",ATM50K,"Z1UZ      ",47007,30000000000,0,12575000000,17425000000,,0,,,CURRENT
"6187      ",ATM50K,"Z1V3      ",47007,17400000000,0,12685000000,4715000000,,0,,,CURRENT
"6197      ",ATM50K,"Z1VB      ",44006,30000000000,0,6310000000,23690000000,,0,,,CURRENT
"6200      ",ATM50K,"Z1VD      ",47007,40000000000,0,14130000000,25870000000,,0,,,REPLENISH
"6201      ",ATM50K,"Z1VE      ",47007,25000000000,0,3035000000,21965000000,,0,,,REPLENISH
"6204      ",ATM50K,"Z1VH      ",47007,26000000000,0,6215000000,19785000000,,0,,,CURRENT
"6213      ",ATM100K,"Z1VP      ",47007,,0,,,60000000000,0,2760000000,57240000000,REPLENISH
"6221      ",ATM50K,"Z1VV      ",47007,40000000000,0,14385000000,25615000000,,0,,,CURRENT
"6224      ",ATM50K,"Z48Z      ",47007,24000000000,0,10980000000,13020000000,,0,,,CURRENT
"6229      ",ATM100K,"Z1W2      ",47007,,0,,,75000000000,0,38450000000,36550000000,CURRENT
"6238      ",ATM50K,"Z1WB      ",47007,35000000000,0,14310000000,20690000000,,0,,,CURRENT
"6239      ",ATM50K,"Z1WC      ",47007,25000000000,0,12240000000,12760000000,,0,,,CURRENT
"6245      ",ATM50K,"Z1WH      ",47007,30000000000,0,1300000000,28700000000,,0,,,REPLENISH
"6258      ",ATM50K,"Z494      ",47007,20000000000,0,120000000,19880000000,,0,,,REPLENISH
"6279      ",ATM50K,"Z49D      ",47007,25000000000,0,17125000000,7875000000,,0,,,CURRENT
"6290      ",ATM50K,"Z1XK      ",47007,29000000000,0,17165000000,11835000000,,0,,,CURRENT
"6295      ",ATM50K,"Z49H      ",47007,20000000000,0,5080000000,14920000000,,0,,,CURRENT
"6299      ",ATM50K,"Z1XT      ",47007,40000000000,0,14555000000,25445000000,,0,,,CURRENT
"6301      ",ATM50K,"Z49I      ",47007,20000000000,0,90000000,19910000000,,0,,,REPLENISH
"6304      ",ATM50K,"Z1XX      ",47007,27000000000,0,4620000000,22380000000,,0,,,REPLENISH
"6307      ",ATM100K,"Z1Y0      ",24011,,0,,,40000000000,0,8740000000,31260000000,CURRENT
"6316      ",ATM50K,"Z1Y8      ",47007,36500000000,0,6890000000,29610000000,,0,,,CURRENT
"6317      ",ATM50K,"Z1Y9      ",47007,40000000000,0,28630000000,11370000000,,0,,,CURRENT
"6318      ",ATM100K,"Z1YA      ",47007,,0,,,31000000000,0,12030000000,18970000000,CURRENT
"6339      ",ATM100K,"Z49T      ",47007,,0,,,75000000000,0,52390000000,22610000000,CURRENT
"6347      ",ATM100K,"Z1YY      ",34053,,0,,,40000000000,0,1410000000,38590000000,REPLENISH
"6357      ",ATM50K,"Z49Y      ",47007,26500000000,0,1640000000,24860000000,,0,,,REPLENISH
"6360      ",ATM50K,"Z4A0      ",47007,24500000000,0,18590000000,5910000000,,0,,,CURRENT
"6368      ",ATM50K,"Z4A5      ",47007,37500000000,0,33345000000,4155000000,,0,,,CURRENT
"6370      ",ATM50K,"Z1ZL      ",47007,40000000000,0,2200000000,37800000000,,0,,,REPLENISH
"6376      ",ATM50K,"Z1ZR      ",47007,32500000000,0,8270000000,24230000000,,0,,,CURRENT
"6378      ",ATM50K,"Z1ZT      ",47007,26000000000,0,9965000000,16035000000,,0,,,CURRENT
"6387      ",ATM50K,"Z201      ",47007,34000000000,0,17430000000,16570000000,,0,,,CURRENT
"6389      ",ATM50K,"Z203      ",47007,25500000000,0,9440000000,16060000000,,0,,,CURRENT
"6394      ",ATM50K,"Z208      ",47007,30000000000,0,3180000000,26820000000,,0,,,CURRENT
"6402      ",ATM50K,"Z20F      ",47007,21000000000,0,11945000000,9055000000,,0,,,CURRENT
"6407      ",ATM50K,"Z20K      ",47007,30000000000,0,13175000000,16825000000,,0,,,CURRENT
"6409      ",ATM50K,"Z4AB      ",47007,30000000000,0,6930000000,23070000000,,0,,,CURRENT
"6414      ",ATM50K,"Z20Q      ",47007,30000000000,0,20355000000,9645000000,,0,,,CURRENT
"6420      ",ATM50K,"Z20W      ",47007,30000000000,0,16330000000,13670000000,,0,,,CURRENT
"6426      ",ATM50K,"Z211      ",47007,30000000000,0,10675000000,19325000000,,0,,,CURRENT
"6429      ",ATM50K,"Z214      ",47007,24000000000,0,8735000000,15265000000,,0,,,CURRENT
"6432      ",ATM50K,"Z217      ",47007,24000000000,0,650000000,23350000000,,0,,,REPLENISH
"6435      ",ATM50K,"Z219      ",47007,30000000000,0,16845000000,13155000000,,0,,,CURRENT
"6436      ",ATM50K,"Z21A      ",47007,16000000000,0,2145000000,13855000000,,0,,,REPLENISH
"6444      ",ATM50K,"Z21H      ",47007,20000000000,0,7580000000,12420000000,,0,,,CURRENT
"6445      ",ATM100K,"Z21I      ",47007,,0,,,40000000000,0,23510000000,16490000000,CURRENT
"6451      ",ATM50K,"Z21O      ",47007,25000000000,0,17695000000,7305000000,,0,,,CURRENT
"6452      ",ATM50K,"Z21P      ",47007,40000000000,0,155000000,39845000000,,0,,,REPLENISH
"6468      ",ATM50K,"Z225      ",47007,30000000000,0,17115000000,12885000000,,0,,,CURRENT
"6469      ",ATM50K,"Z226      ",47007,37500000000,0,13240000000,24260000000,,0,,,CURRENT
"6470      ",ATM100K,"Z227      ",47007,,0,,,50000000000,0,29850000000,20150000000,CURRENT
"6471      ",ATM50K,"Z228      ",47007,37500000000,0,26430000000,11070000000,,0,,,CURRENT
"6497      ",ATM50K,"Z22Y      ",47007,33500000000,0,13855000000,19645000000,,0,,,CURRENT
"6502      ",ATM50K,"Z233      ",47007,30000000000,0,16095000000,13905000000,,0,,,CURRENT
"6503      ",ATM50K,"Z234      ",47007,37500000000,0,29130000000,8370000000,,0,,,CURRENT
"6504      ",ATM50K,"Z235      ",47007,30500000000,0,9755000000,20745000000,,0,,,CURRENT
"6521      ",ATM50K,"Z23L      ",47007,23000000000,0,9760000000,13240000000,,0,,,CURRENT
"6525      ",ATM50K,"Z4AX      ",47007,40000000000,0,25455000000,14545000000,,0,,,CURRENT
"6526      ",ATM50K,"Z4AY      ",47007,20000000000,0,220000000,19780000000,,0,,,REPLENISH
"6528      ",ATM50K,"Z23Q      ",47007,20000000000,0,1025000000,18975000000,,0,,,REPLENISH
"6529      ",ATM50K,"Z23R      ",47007,18000000000,0,5960000000,12040000000,,0,,,CURRENT
"6532      ",ATM50K,"Z23U      ",47007,30000000000,0,12980000000,17020000000,,0,,,CURRENT
"6535      ",ATM50K,"Z23X      ",47007,32500000000,0,400000000,32100000000,,0,,,REPLENISH
"6544      ",ATM50K,"Z246      ",20038,10000000000,0,840000000,9160000000,,0,,,REPLENISH
"6547      ",ATM100K,"Z249      ",20038,,0,,,30000000000,0,350000000,29650000000,REPLENISH
"6554      ",ATM50K,"Z24G      ",47007,26500000000,0,10440000000,16060000000,,0,,,CURRENT
"6562      ",ATM50K,"Z24O      ",47007,37500000000,0,29505000000,7995000000,,0,,,CURRENT
"6564      ",ATM50K,"Z24Q      ",47007,33500000000,0,8945000000,24555000000,,0,,,REPLENISH
"6566      ",ATM100K,"Z24S      ",47007,,0,,,30000000000,0,10590000000,19410000000,CURRENT
"6574      ",ATM100K,"Z4BB      ",47007,,0,,,40000000000,0,33790000000,6210000000,CURRENT
"6594      ",ATM50K,"Z25J      ",47007,20000000000,0,590000000,19410000000,,0,,,REPLENISH
"6596      ",ATM50K,"Z25L      ",47007,15000000000,0,11790000000,3210000000,,0,,,CURRENT
"6608      ",ATM50K,"Z25T      ",47007,38000000000,0,6000000000,32000000000,,0,,,CURRENT
"6609      ",ATM50K,"Z25U      ",47007,38000000000,0,11975000000,26025000000,,0,,,CURRENT
"6610      ",ATM50K,"Z25V      ",47007,42600000000,0,16915000000,25685000000,,0,,,CURRENT
"6612      ",ATM50K,"Z25X      ",47007,10000000000,0,2570000000,7430000000,,0,,,REPLENISH
"6613      ",ATM50K,"Z25Y      ",47007,21000000000,0,2105000000,18895000000,,0,,,CURRENT
"6614      ",ATM50K,"Z25Z      ",47007,24600000000,0,2890000000,21710000000,,0,,,REPLENISH
"6628      ",ATM50K,"Z26C      ",47007,21000000000,0,6475000000,14525000000,,0,,,REPLENISH
"6629      ",ATM100K,"Z26D      ",47007,,0,,,56000000000,0,32000000000,24000000000,CURRENT
"6645      ",ATM50K,"Z26S      ",47007,25000000000,0,22205000000,2795000000,,0,,,CURRENT
"6646      ",ATM50K,"Z26T      ",47007,18600000000,0,10410000000,8190000000,,0,,,CURRENT
"6651      ",ATM50K,"Z26X      ",47007,30000000000,0,3825000000,26175000000,,0,,,REPLENISH
"6665      ",ATM50K,"Z27A      ",47007,34200000000,0,5255000000,28945000000,,0,,,CURRENT
"6670      ",ATM50K,"Z27F      ",47007,30000000000,0,10365000000,19635000000,,0,,,CURRENT
"6686      ",ATM50K,"Z27V      ",47007,20000000000,0,8120000000,11880000000,,0,,,CURRENT
"6689      ",ATM50K,"Z27Y      ",47007,22500000000,0,9235000000,13265000000,,0,,,CURRENT
"6698      ",ATM50K,"Z285      ",47007,30500000000,0,16735000000,13765000000,,0,,,CURRENT
"6706      ",ATM100K,"Z28D      ",47007,,0,,,41000000000,0,16190000000,24810000000,CURRENT
"6727      ",ATM50K,"Z28U      ",47007,20000000000,0,205000000,19795000000,,0,,,CURRENT
"6730      ",ATM50K,"Z28X      ",47007,40000000000,0,28035000000,11965000000,,0,,,CURRENT
"6732      ",ATM50K,"Z28Z      ",47007,39000000000,0,1825000000,37175000000,,0,,,REPLENISH
"6735      ",ATM50K,"Z291      ",47007,40000000000,0,13625000000,26375000000,,0,,,REPLENISH
"6742      ",ATM100K,"Z298      ",47007,,0,,,37000000000,0,1730000000,35270000000,REPLENISH
"6762      ",ATM50K,"Z29S      ",47007,40000000000,0,7305000000,32695000000,,0,,,CURRENT
"6763      ",ATM50K,"Z29T      ",47007,36500000000,0,10780000000,25720000000,,0,,,CURRENT
"6772      ",ATM100K,"Z2A2      ",47007,,0,,,42000000000,0,14850000000,27150000000,CURRENT
"6777      ",ATM50K,"Z2A7      ",47007,30000000000,0,15125000000,14875000000,,0,,,CURRENT
"6818      ",ATM50K,"Z2B7      ",47007,37500000000,0,27050000000,10450000000,,0,,,CURRENT
"6829      ",ATM50K,"Z2BG      ",47007,30000000000,0,24535000000,5465000000,,0,,,CURRENT
"6832      ",ATM50K,"Z2BJ      ",47007,30000000000,0,11245000000,18755000000,,0,,,CURRENT
"6833      ",ATM100K,"Z2BK      ",47007,,0,,,75000000000,0,7760000000,67240000000,CURRENT
"6836      ",ATM50K,"Z2BN      ",47007,33000000000,0,15575000000,17425000000,,0,,,CURRENT
"6844      ",ATM50K,"Z2BV      ",47007,34500000000,0,16695000000,17805000000,,0,,,CURRENT
"6880      ",ATM50K,"Z2CU      ",47007,20000000000,0,14550000000,5450000000,,0,,,CURRENT
"6891      ",ATM50K,"Z2D5      ",47007,10000000000,0,855000000,9145000000,,0,,,CURRENT
"6900      ",ATM50K,"Z2DE      ",47007,35000000000,0,1780000000,33220000000,,0,,,REPLENISH
"6901      ",ATM50K,"Z2DF      ",47007,40000000000,0,9675000000,30325000000,,0,,,CURRENT
"6922      ",ATM100K,"Z2DZ      ",47007,,0,,,40000000000,0,7690000000,32310000000,CURRENT
"6926      ",ATM50K,"Z2E3      ",44500,20000000000,0,1025000000,18975000000,,0,,,CURRENT
"6934      ",ATM50K,"Z2EB      ",30500,15000000000,0,720000000,14280000000,,0,,,CURRENT
"6956      ",ATM50K,"Z2EW      ",4021,10000000000,0,390000000,9610000000,,0,,,REPLENISH
"6960      ",ATM100K,"Z2F0      ",4021,,0,,,10000000000,0,510000000,9490000000,REPLENISH
"6963      ",ATM100K,"Z2F3      ",24022,,0,,,20000000000,0,13090000000,6910000000,CURRENT
"6968      ",ATM50K,"Z2F6      ",12001,15000000000,0,95000000,14905000000,,0,,,REPLENISH
"6975      ",ATM50K,"Z2FC      ",34019,30000000000,0,2195000000,27805000000,,0,,,REPLENISH
"6985      ",ATM50K,"Z2FL      ",43500,10000000000,0,35000000,9965000000,,0,,,REPLENISH
"6988      ",ATM50K,"Z2FO      ",47007,25000000000,0,19200000000,5800000000,,0,,,CURRENT
"6998      ",ATM50K,"Z2FY      ",34010,10000000000,0,115000000,9885000000,,0,,,REPLENISH
"8003      ",ATM100K,"Z2G2      ",34023,,0,,,30000000000,0,5230000000,24770000000,REPLENISH
"8019      ",ATM50K,"Z2GG      ",31006,9000000000,0,70000000,8930000000,,0,,,REPLENISH
"8039      ",ATM100K,"Z2GY      ",44006,,0,,,40000000000,0,10540000000,29460000000,CURRENT
"8043      ",ATM100K,"Z2H2      ",34035,,0,,,50000000000,0,4030000000,45970000000,REPLENISH
"8049      ",ATM100K,"Z2H8      ",23039,,0,,,15000000000,0,0,15000000000,REPLENISH
"8060      ",ATM50K,"Z2HJ      ",29011,10000000000,0,0,10000000000,,0,,,REPLENISH
"8067      ",ATM100K,"Z2HQ      ",39027,,0,,,20000000000,0,1630000000,18370000000,REPLENISH
"8068      ",ATM100K,"Z2HR      ",39041,,0,,,40000000000,0,460000000,39540000000,REPLENISH
"8086      ",ATM100K,"Z2I6      ",4019,,0,,,30000000000,0,130000000,29870000000,REPLENISH
"8087      ",ATM100K,"Z2I7      ",8016,,0,,,10000000000,0,0,10000000000,REPLENISH
"8088      ",ATM100K,"Z2I8      ",8014,,0,,,20000000000,0,80000000,19920000000,REPLENISH
"8091      ",ATM50K,"Z2IB      ",24011,20000000000,0,5655000000,14345000000,,0,,,CURRENT
"8092      ",ATM50K,"Z2IC      ",30,10000000000,0,465000000,9535000000,,0,,,REPLENISH
"8095      ",ATM100K,"Z2IF      ",47007,,0,,,37000000000,0,9560000000,27440000000,CURRENT
"8106      ",ATM50K,"Z2IQ      ",47007,30000000000,0,6915000000,23085000000,,0,,,REPLENISH
"8112      ",ATM100K,"Z2IV      ",27000,,0,,,20000000000,0,70000000,19930000000,REPLENISH
"8115      ",ATM50K,"Z2IY      ",29028,10000000000,0,310000000,9690000000,,0,,,REPLENISH
"8117      ",ATM100K,"Z2J0      ",30,,0,,,15000000000,0,250000000,14750000000,REPLENISH
"8124      ",ATM100K,"Z2J4      ",24000,,0,,,20000000000,0,2570000000,17430000000,REPLENISH
"8127      ",ATM50K,"Z2J7      ",24019,30000000000,0,1770000000,28230000000,,0,,,REPLENISH
"8131      ",ATM50K,"Z2JA      ",39013,10000000000,0,655000000,9345000000,,0,,,REPLENISH
"8132      ",ATM100K,"Z2JB      ",39013,,0,,,30000000000,0,6140000000,23860000000,REPLENISH
"8135      ",ATM100K,"Z2JD      ",39078,,0,,,40000000000,0,11290000000,28710000000,CURRENT
"8136      ",ATM100K,"Z2JE      ",39028,,0,,,20000000000,0,510000000,19490000000,REPLENISH
"8139      ",ATM50K,"Z2JH      ",24045,20000000000,0,405000000,19595000000,,0,,,REPLENISH
"8143      ",ATM100K,"Z2JJ      ",39061,,0,,,40000000000,0,2630000000,37370000000,REPLENISH
"8145      ",ATM100K,"Z2JL      ",24045,,0,,,40000000000,0,0,40000000000,REPLENISH
"8152      ",ATM50K,"Z2JS      ",47007,40000000000,0,12840000000,27160000000,,0,,,CURRENT
"8153      ",ATM100K,"Z2JT      ",43501,,0,,,10000000000,0,1770000000,8230000000,REPLENISH
"8156      ",ATM50K,"Z2JW      ",34070,15000000000,0,55000000,14945000000,,0,,,REPLENISH
"8158      ",ATM50K,"Z2JX      ",31011,10000000000,0,1020000000,8980000000,,0,,,REPLENISH
"8166      ",ATM100K,"Z2K5      ",43505,,0,,,20000000000,0,3850000000,16150000000,REPLENISH
"8170      ",ATM100K,"Z2K9      ",47007,,0,,,47000000000,0,18850000000,28150000000,CURRENT
"8171      ",ATM100K,"Z2KA      ",39035,,0,,,20000000000,0,110000000,19890000000,REPLENISH
"8175      ",ATM100K,"Z2KD      ",43505,,0,,,20000000000,0,2590000000,17410000000,REPLENISH
"8176      ",ATM100K,"Z2KE      ",43505,,0,,,20000000000,0,520000000,19480000000,REPLENISH
"8177      ",ATM100K,"Z2KF      ",23013,,0,,,10000000000,0,7970000000,2030000000,CURRENT
"8189      ",ATM100K,"Z2KQ      ",39016,,0,,,10000000000,0,640000000,9360000000,REPLENISH
"8200      ",ATM50K,"Z2L0      ",47007,20000000000,0,12160000000,7840000000,,0,,,CURRENT
"8217      ",ATM50K,"Z2LG      ",54,10000000000,0,780000000,9220000000,,0,,,REPLENISH
"8218      ",ATM50K,"Z2LH      ",43505,15000000000,0,2635000000,12365000000,,0,,,REPLENISH
"8223      ",ATM100K,"Z2LM      ",8001,,0,,,10000000000,0,900000000,9100000000,CURRENT
"8237      ",ATM50K,"Z2LX      ",47007,40000000000,0,14365000000,25635000000,,0,,,CURRENT
"8242      ",ATM100K,"Z2M2      ",32012,,0,,,20000000000,0,1460000000,18540000000,REPLENISH
"8244      ",ATM50K,"Z2M4      ",24049,15000000000,0,2440000000,12560000000,,0,,,REPLENISH
"8247      ",ATM50K,"Z2M7      ",34010,10000000000,0,270000000,9730000000,,0,,,REPLENISH
"8251      ",ATM50K,"Z2MA      ",43,10000000000,0,70000000,9930000000,,0,,,REPLENISH
"8252      ",ATM100K,"Z2MB      ",43,,0,,,20000000000,0,0,20000000000,REPLENISH
"8256      ",ATM100K,"Z2MF      ",12006,,0,,,20000000000,0,2310000000,17690000000,REPLENISH
"8264      ",ATM50K,"Z2ML      ",24000,15000000000,0,3000000000,12000000000,,0,,,REPLENISH
"8271      ",ATM50K,"Z2MS      ",27515,10000000000,0,940000000,9060000000,,0,,,CURRENT
"8274      ",ATM100K,"Z2MV      ",27515,,0,,,30000000000,0,5980000000,24020000000,CURRENT
"8277      ",ATM100K,"Z2MY      ",34006,,0,,,10000000000,0,0,10000000000,REPLENISH
"8278      ",ATM100K,"Z2MZ      ",27518,,0,,,20000000000,0,0,20000000000,REPLENISH
"8279      ",ATM50K,"Z2N0      ",47007,28000000000,0,17285000000,10715000000,,0,,,CURRENT
"8281      ",ATM100K,"Z2N1      ",24019,,0,,,60000000000,0,7500000000,52500000000,REPLENISH
"8291      ",ATM100K,"Z2NA      ",23039,,0,,,15000000000,0,2290000000,12710000000,REPLENISH
"8308      ",ATM50K,"Z2NO      ",47007,40000000000,0,20585000000,19415000000,,0,,,CURRENT
"8317      ",ATM50K,"Z2NV      ",47007,40000000000,0,12560000000,27440000000,,0,,,CURRENT
"8321      ",ATM100K,"Z2NZ      ",29004,,0,,,20000000000,0,790000000,19210000000,REPLENISH
"8337      ",ATM100K,"Z2OA      ",43504,,0,,,15000000000,0,140000000,14860000000,REPLENISH
"8351      ",ATM50K,"Z2OF      ",39078,20000000000,0,490000000,19510000000,,0,,,REPLENISH
"8365      ",ATM50K,"Z2OR      ",47007,20000000000,0,6240000000,13760000000,,0,,,CURRENT
"8383      ",ATM50K,"Z2P2      ",47007,25200000000,0,5670000000,19530000000,,0,,,CURRENT
"8384      ",ATM50K,"Z2P3      ",47007,30000000000,0,23855000000,6145000000,,0,,,CURRENT
"8390      ",ATM50K,"Z2P8      ",27519,10000000000,0,720000000,9280000000,,0,,,REPLENISH
"8405      ",ATM100K,"Z2PD      ",47007,,0,,,20000000000,0,10000000,19990000000,REPLENISH
"8471      ",ATM100K,"Z2PJ      ",42000,,0,,,40000000000,0,0,40000000000,REPLENISH
"8472      ",ATM100K,"Z2PK      ",34063,,0,,,20000000000,0,2540000000,17460000000,REPLENISH
"8479      ",ATM50K,"Z2PO      ",47007,17400000000,0,665000000,16735000000,,0,,,REPLENISH
"8511      ",ATM100K,"Z2QA      ",29028,,0,,,30000000000,0,1370000000,28630000000,REPLENISH
"8514      ",ATM100K,"Z2QD      ",29020,,0,,,30000000000,0,1040000000,28960000000,REPLENISH
"8521      ",ATM100K,"Z2QF      ",27517,,0,,,20000000000,0,11350000000,8650000000,CURRENT
"8541      ",ATM100K,"Z2QJ      ",23025,,0,,,50000000000,0,9710000000,40290000000,CURRENT
"8544      ",ATM50K,"Z2QM      ",23025,40000000000,0,6900000000,33100000000,,0,,,CURRENT
"8564      ",ATM50K,"Z2QX      ",47007,10000000000,0,5000000000,5000000000,,0,,,CURRENT
"8566      ",ATM50K,"Z2QZ      ",47007,25000000000,0,445000000,24555000000,,0,,,REPLENISH
"8568      ",ATM100K,"Z2R1      ",24030,,0,,,20000000000,0,13610000000,6390000000,CURRENT
"8569      ",ATM100K,"Z2R2      ",34000,,0,,,20000000000,0,1190000000,18810000000,REPLENISH
"8571      ",ATM100K,"Z2R4      ",37007,,0,,,30000000000,0,1460000000,28540000000,REPLENISH
"8573      ",ATM100K,"Z2R6      ",43501,,0,,,15000000000,0,2040000000,12960000000,REPLENISH
"8661      ",ATM50K,"Z2RZ      ",47007,40000000000,0,34420000000,5580000000,,0,,,CURRENT
"8671      ",ATM100K,"Z2S0      ",43501,,0,,,20000000000,0,2150000000,17850000000,REPLENISH
"8681      ",ATM100K,"Z2S2      ",43501,,0,,,20000000000,0,2430000000,17570000000,REPLENISH
"8693      ",ATM50K,"Z2S7      ",43503,10000000000,0,290000000,9710000000,,0,,,REPLENISH
"8701      ",ATM50K,"Z2S8      ",31004,10000000000,0,3325000000,6675000000,,0,,,CURRENT
"8703      ",ATM50K,"Z2SA      ",47007,20000000000,0,5015000000,14985000000,,0,,,CURRENT
"8719      ",ATM50K,"Z2SH      ",31001,12500000000,0,1755000000,10745000000,,0,,,CURRENT
"8902      ",ATM50K,"Z2SP      ",12006,10000000000,0,2525000000,7475000000,,0,,,REPLENISH
"8911      ",ATM100K,"Z2SQ      ",47007,,0,,,40000000000,0,19770000000,20230000000,CURRENT
"8921      ",ATM50K,"Z2SZ      ",47007,12500000000,0,1650000000,10850000000,,0,,,CURRENT
"8968      ",ATM100K,"Z2TM      ",47007,,0,,,80000000000,0,56420000000,23580000000,CURRENT
"8969      ",ATM50K,"Z2TN      ",39061,20000000000,0,1340000000,18660000000,,0,,,REPLENISH
"9314      ",ATM100K,"Z2UL      ",24026,,0,,,80000000000,0,9150000000,70850000000,CURRENT
"9330      ",ATM50K,"Z2UO      ",47007,20000000000,0,11130000000,8870000000,,0,,,CURRENT
"9344      ",ATM50K,"Z2V1      ",47007,25000000000,0,19605000000,5395000000,,0,,,CURRENT
"9408      ",ATM50K,"Z2V4      ",24038,20000000000,0,2080000000,17920000000,,0,,,REPLENISH
"9707      ",ATM50K,"Z2WO      ",47007,20000000000,0,465000000,19535000000,,0,,,REPLENISH
"9709      ",ATM100K,"Z2WQ      ",27006,,0,,,10000000000,0,1790000000,8210000000,CURRENT
"9710      ",ATM50K,"Z2WR      ",31013,20000000000,0,370000000,19630000000,,0,,,REPLENISH
"9909      ",ATM50K,"Z2WZ      ",47007,40000000000,0,11490000000,28510000000,,0,,,CURRENT
